[2026-07-26T13:51:21+00:00] === QASR full pipeline starting ===
[2026-07-26T13:51:21+00:00] Log file: /root/Palestinian-ASR/.logs/qasr_full_extract_20260726_135121.log
[2026-07-26T13:51:21+00:00] CPUs to use: 4
[2026-07-26T13:51:21+00:00] Downloading qasr_wav_v1.0.tar.bz2.part_ac (attempt 1, resuming with -c)...
--2026-07-26 13:51:21--  https://arabicspeechdata.blob.core.windows.net/data/qasr_wav_v1.0.tar.bz2.part_ac?sp=rl&st=2025-03-08T09:23:55Z&se=2030-03-08T17:23:55Z&spr=https&sv=2022-11-02&sr=c&sig=D8KB7c2B5f4c6ikXd4nHl8QR620lTk3C0SMaB1rZeN0%3D
Resolving arabicspeechdata.blob.core.windows.net (arabicspeechdata.blob.core.windows.net)... 20.209.105.1
Connecting to arabicspeechdata.blob.core.windows.net (arabicspeechdata.blob.core.windows.net)|20.209.105.1|:443... connected.
HTTP request sent, awaiting response... 200 OK
Length: 48318382080 (45G) [application/octet-stream]
Saving to: 'qasr_wav_v1.0.tar.bz2.part_ac'

     0K .......... .......... .......... .......... ..........  0%  553K 23h40m
    50K .......... .......... .......... .......... ..........  0%  999K 18h24m
   100K .......... .......... .......... .......... ..........  0% 1.16M 15h56m
   150K .......... .......... .......... .......... ..........  0%  171K 31h7m
   200K .......... .......... .......... .......... ..........  0% 1.16M 27h6m
   250K .......... .......... .......... .......... ..........  0% 1.31M 24h12m
   300K .......... .......... .......... .......... ..........  0% 2.64M 21h26m
   350K .......... .......... .......... .......... ..........  0% 2.88M 19h18m
   400K .......... .......... .......... .......... ..........  0% 1.82M 17h57m
   450K .......... .......... .......... .......... ..........  0% 3.78M 16h29m
   500K .......... .......... .......... .......... ..........  0% 4.68M 15h14m
   550K .......... .......... .......... .......... ..........  0%  178K 20h6m
   600K .......... .......... .......... .......... ..........  0% 2.36M 18h58m
   650K .......... .......... .......... .......... ..........  0% 2.43M 17h59m
   700K .......... .......... .......... .......... ..........  0% 2.74M 17h6m
   750K .......... .......... .......... .......... ..........  0% 87.7K 25h22m
   800K .......... .......... .......... .......... ..........  0% 91.3K 32h19m
   850K .......... .......... .......... .......... ..........  0% 76.8K 40h1m
   900K .......... .......... .......... .......... ..........  0%  498K 39h17m
   950K .......... .......... .......... .......... ..........  0% 82.4K 45h17m
  1000K .......... .......... .......... .......... ..........  0%  154K 47h10m
  1050K .......... .......... .......... .......... ..........  0%  631K 45h58m
  1100K .......... .......... .......... .......... ..........  0%  153K 47h42m
  1150K .......... .......... .......... .......... ..........  0%  777K 46h25m
  1200K .......... .......... .......... .......... ..........  0% 99.7K 2d1h
  1250K .......... .......... .......... .......... ..........  0%  411K 2d1h
  1300K .......... .......... .......... .......... ..........  0%  722K 47h58m
  1350K .......... .......... .......... .......... ..........  0%  559K 47h6m
  1400K .......... .......... .......... .......... ..........  0%  176K 2d0h
  1450K .......... .......... .......... .......... ..........  0%  958K 46h53m
  1500K .......... .......... .......... .......... ..........  0%  964K 45h49m
  1550K .......... .......... .......... .......... ..........  0%  876K 44h51m
  1600K .......... .......... .......... .......... ..........  0% 1.14M 43h50m
  1650K .......... .......... .......... .......... ..........  0% 1.29M 42h50m
  1700K .......... .......... .......... .......... ..........  0% 1.36M 41h53m
  1750K .......... .......... .......... .......... ..........  0% 1.00M 41h4m
  1800K .......... .......... .......... .......... ..........  0% 1.75M 40h10m
  1850K .......... .......... .......... .......... ..........  0% 1.16M 39h24m
  1900K .......... .......... .......... .......... ..........  0% 1.52M 38h36m
  1950K .......... .......... .......... .......... ..........  0% 1.27M 37h53m
  2000K .......... .......... .......... .......... ..........  0% 1.35M 37h12m
  2050K .......... .......... .......... .......... ..........  0% 1.63M 36h30m
  2100K .......... .......... .......... .......... ..........  0% 1.44M 35h51m
  2150K .......... .......... .......... .......... ..........  0% 1.01M 35h20m
  2200K .......... .......... .......... .......... ..........  0% 1.39M 34h45m
  2250K .......... .......... .......... .......... ..........  0% 1.25M 34h13m
  2300K .......... .......... .......... .......... ..........  0% 1.49M 33h40m
  2350K .......... .......... .......... .......... ..........  0% 1.31M 33h10m
  2400K .......... .......... .......... .......... ..........  0% 1.39M 32h41m
  2450K .......... .......... .......... .......... ..........  0% 2.03M 32h9m
  2500K .......... .......... .......... .......... ..........  0% 2.51M 31h37m
  2550K .......... .......... .......... .......... ..........  0% 1.86M 31h9m
  2600K .......... .......... .......... .......... ..........  0% 1.74M 30h42m
  2650K .......... .......... .......... .......... ..........  0% 2.08M 30h15m
  2700K .......... .......... .......... .......... ..........  0% 1.97M 29h49m
  2750K .......... .......... .......... .......... ..........  0% 1.59M 29h25m
  2800K .......... .......... .......... .......... ..........  0% 1.41M 29h4m
  2850K .......... .......... .......... .......... ..........  0% 2.24M 28h40m
  2900K .......... .......... .......... .......... ..........  0% 1.74M 28h18m
  2950K .......... .......... .......... .......... ..........  0% 1.02M 28h2m
  3000K .......... .......... .......... .......... ..........  0% 1.17M 27h46m
  3050K .......... .......... .......... .......... ..........  0% 1.10M 27h30m
  3100K .......... .......... .......... .......... ..........  0% 1.11M 27h15m
  3150K .......... .......... .......... .......... ..........  0%  907K 27h3m
  3200K .......... .......... .......... .......... ..........  0% 1.31M 26h47m
  3250K .......... .......... .......... .......... ..........  0% 1.29M 26h31m
  3300K .......... .......... .......... .......... ..........  0% 1.02M 26h19m
  3350K .......... .......... .......... .......... ..........  0% 1.04M 26h7m
  3400K .......... .......... .......... .......... ..........  0%  889K 25h57m
  3450K .......... .......... .......... .......... ..........  0%  953K 25h46m
  3500K .......... .......... .......... .......... ..........  0%  874K 25h37m
  3550K .......... .......... .......... .......... ..........  0%  782K 25h30m
  3600K .......... .......... .......... .......... ..........  0% 1.12M 25h18m
  3650K .......... .......... .......... .......... ..........  0% 1.03M 25h8m
  3700K .......... .......... .......... .......... ..........  0%  175K 25h48m
  3750K .......... .......... .......... .......... ..........  0%  379K 25h55m
  3800K .......... .......... .......... .......... ..........  0%  484K 25h56m
  3850K .......... .......... .......... .......... ..........  0%  650K 25h51m
  3900K .......... .......... .......... .......... ..........  0%  747K 25h45m
  3950K .......... .......... .......... .......... ..........  0%  700K 25h39m
  4000K .......... .......... .......... .......... ..........  0% 1010K 25h30m
  4050K .......... .......... .......... .......... ..........  0%  921K 25h22m
  4100K .......... .......... .......... .......... ..........  0% 1.99M 25h8m
  4150K .......... .......... .......... .......... ..........  0% 2.11M 24h55m
  4200K .......... .......... .......... .......... ..........  0% 1.36M 24h44m
  4250K .......... .......... .......... .......... ..........  0% 1.85M 24h31m
  4300K .......... .......... .......... .......... ..........  0% 2.13M 24h18m
  4350K .......... .......... .......... .......... ..........  0% 2.23M 24h6m
  4400K .......... .......... .......... .......... ..........  0% 1.33M 23h56m
  4450K .......... .......... .......... .......... ..........  0% 2.02M 23h44m
  4500K .......... .......... .......... .......... ..........  0% 1.97M 23h33m
  4550K .......... .......... .......... .......... ..........  0% 1.59M 23h23m
  4600K .......... .......... .......... .......... ..........  0% 1.87M 23h12m
  4650K .......... .......... .......... .......... ..........  0% 2.12M 23h1m
  4700K .......... .......... .......... .......... ..........  0%  149K 23h42m
  4750K .......... .......... .......... .......... ..........  0% 1.10M 23h35m
  4800K .......... .......... .......... .......... ..........  0% 1.16M 23h27m
  4850K .......... .......... .......... .......... ..........  0%  924K 23h21m
  4900K .......... .......... .......... .......... ..........  0% 1.49M 23h12m
  4950K .......... .......... .......... .......... ..........  0% 1.29M 23h4m
  5000K .......... .......... .......... .......... ..........  0% 1.27M 22h57m
  5050K .......... .......... .......... .......... ..........  0% 2.16M 22h47m
  5100K .......... .......... .......... .......... ..........  0% 2.05M 22h37m
  5150K .......... .......... .......... .......... ..........  0%  204K 23h1m
  5200K .......... .......... .......... .......... ..........  0%  658K 22h59m
  5250K .......... .......... .......... .......... ..........  0% 1.39M 22h51m
  5300K .......... .......... .......... .......... ..........  0% 1.49M 22h43m
  5350K .......... .......... .......... .......... ..........  0% 1.18M 22h37m
  5400K .......... .......... .......... .......... ..........  0% 1.26M 22h30m
  5450K .......... .......... .......... .......... ..........  0% 1.28M 22h23m
  5500K .......... .......... .......... .......... ..........  0% 1.42M 22h16m
  5550K .......... .......... .......... .......... ..........  0% 1.84M 22h8m
  5600K .......... .......... .......... .......... ..........  0% 1.51M 22h0m
  5650K .......... .......... .......... .......... ..........  0% 1.35M 21h54m
  5700K .......... .......... .......... .......... ..........  0% 1.58M 21h47m
  5750K .......... .......... .......... .......... ..........  0%  201K 22h9m
  5800K .......... .......... .......... .......... ..........  0%  583K 22h9m
  5850K .......... .......... .......... .......... ..........  0%  982K 22h5m
  5900K .......... .......... .......... .......... ..........  0% 1.18M 21h59m
  5950K .......... .......... .......... .......... ..........  0%  975K 21h55m
  6000K .......... .......... .......... .......... ..........  0% 1.05M 21h50m
  6050K .......... .......... .......... .......... ..........  0%  911K 21h46m
  6100K .......... .......... .......... .......... ..........  0%  181K 22h11m
  6150K .......... .......... .......... .......... ..........  0%  746K 22h9m
  6200K .......... .......... .......... .......... ..........  0%  670K 22h7m
  6250K .......... .......... .......... .......... ..........  0% 1.26M 22h2m
  6300K .......... .......... .......... .......... ..........  0%  158K 22h31m
  6350K .......... .......... .......... .......... ..........  0%  887K 22h27m
  6400K .......... .......... .......... .......... ..........  0%  851K 22h24m
  6450K .......... .......... .......... .......... ..........  0% 1.10M 22h19m
  6500K .......... .......... .......... .......... ..........  0%  790K 22h16m
  6550K .......... .......... .......... .......... ..........  0% 1.01M 22h12m
  6600K .......... .......... .......... .......... ..........  0%  751K 22h10m
  6650K .......... .......... .......... .......... ..........  0% 1.06M 22h5m
  6700K .......... .......... .......... .......... ..........  0%  978K 22h1m
  6750K .......... .......... .......... .......... ..........  0% 1.15M 21h56m
  6800K .......... .......... .......... .......... ..........  0%  454K 21h59m
  6850K .......... .......... .......... .......... ..........  0% 1.19M 21h55m
  6900K .......... .......... .......... .......... ..........  0%  196K 22h14m
  6950K .......... .......... .......... .......... ..........  0%  546K 22h15m
  7000K .......... .......... .......... .......... ..........  0%  729K 22h13m
  7050K .......... .......... .......... .......... ..........  0% 1.04M 22h9m
  7100K .......... .......... .......... .......... ..........  0%  169K 22h32m
  7150K .......... .......... .......... .......... ..........  0%  625K 22h31m
  7200K .......... .......... .......... .......... ..........  0%  742K 22h29m
  7250K .......... .......... .......... .......... ..........  0% 1.04M 22h25m
  7300K .......... .......... .......... .......... ..........  0%  826K 22h22m
  7350K .......... .......... .......... .......... ..........  0% 1.02M 22h18m
  7400K .......... .......... .......... .......... ..........  0% 96.3K 23h4m
  7450K .......... .......... .......... .......... ..........  0%  446K 23h7m
  7500K .......... .......... .......... .......... ..........  0%  674K 23h5m
  7550K .......... .......... .......... .......... ..........  0%  613K 23h5m
  7600K .......... .......... .......... .......... ..........  0%  565K 23h5m
  7650K .......... .......... .......... .......... ..........  0%  819K 23h2m
  7700K .......... .......... .......... .......... ..........  0% 1.27M 22h57m
  7750K .......... .......... .......... .......... ..........  0% 1013K 22h53m
  7800K .......... .......... .......... .......... ..........  0%  965K 22h49m
  7850K .......... .......... .......... .......... ..........  0%  977K 22h46m
  7900K .......... .......... .......... .......... ..........  0% 1.11M 22h42m
  7950K .......... .......... .......... .......... ..........  0%  987K 22h38m
  8000K .......... .......... .......... .......... ..........  0% 1.21M 22h34m
  8050K .......... .......... .......... .......... ..........  0% 1.38M 22h29m
  8100K .......... .......... .......... .......... ..........  0% 1.13M 22h24m
  8150K .......... .......... .......... .......... ..........  0% 1.44M 22h20m
  8200K .......... .......... .......... .......... ..........  0%  888K 22h17m
  8250K .......... .......... .......... .......... ..........  0%  172K 22h36m
  8300K .......... .......... .......... .......... ..........  0% 1.11M 22h32m
  8350K .......... .......... .......... .......... ..........  0% 1.05M 22h29m
  8400K .......... .......... .......... .......... ..........  0% 1.03M 22h25m
  8450K .......... .......... .......... .......... ..........  0% 1.18M 22h21m
  8500K .......... .......... .......... .......... ..........  0%  868K 22h18m
  8550K .......... .......... .......... .......... ..........  0%  198K 22h34m
  8600K .......... .......... .......... .......... ..........  0%  145K 22h57m
  8650K .......... .......... .......... .......... ..........  0%  826K 22h55m
  8700K .......... .......... .......... .......... ..........  0%  876K 22h52m
  8750K .......... .......... .......... .......... ..........  0%  903K 22h49m
  8800K .......... .......... .......... .......... ..........  0% 91.0K 23h30m
  8850K .......... .......... .......... .......... ..........  0%  170K 23h48m
  8900K .......... .......... .......... .......... ..........  0%  479K 23h50m
  8950K .......... .......... .......... .......... ..........  0%  154K 24h10m
  9000K .......... .......... .......... .......... ..........  0%  528K 24h10m
  9050K .......... .......... .......... .......... ..........  0%  165K 24h28m
  9100K .......... .......... .......... .......... ..........  0%  608K 24h27m
  9150K .......... .......... .......... .......... ..........  0%  562K 24h27m
  9200K .......... .......... .......... .......... ..........  0%  504K 24h28m
  9250K .......... .......... .......... .......... ..........  0% 1.10M 24h23m
  9300K .......... .......... .......... .......... ..........  0% 1.45M 24h18m
  9350K .......... .......... .......... .......... ..........  0% 1.42M 24h14m
  9400K .......... .......... .......... .......... ..........  0% 1.05M 24h10m
  9450K .......... .......... .......... .......... ..........  0% 1.49M 24h5m
  9500K .......... .......... .......... .......... ..........  0% 1.44M 24h0m
  9550K .......... .......... .......... .......... ..........  0% 1.04M 23h56m
  9600K .......... .......... .......... .......... ..........  0% 1.04M 23h53m
  9650K .......... .......... .......... .......... ..........  0%  165K 24h10m
  9700K .......... .......... .......... .......... ..........  0%  756K 24h8m
  9750K .......... .......... .......... .......... ..........  0%  699K 24h6m
  9800K .......... .......... .......... .......... ..........  0%  932K 24h3m
  9850K .......... .......... .......... .......... ..........  0%  821K 24h1m
  9900K .......... .......... .......... .......... ..........  0% 1.26M 23h57m
  9950K .......... .......... .......... .......... ..........  0%  184K 24h11m
 10000K .......... .......... .......... .......... ..........  0%  513K 24h11m
 10050K .......... .......... .......... .......... ..........  0% 1.01M 24h8m
 10100K .......... .......... .......... .......... ..........  0%  156K 24h25m
 10150K .......... .......... .......... .......... ..........  0%  658K 24h24m
 10200K .......... .......... .......... .......... ..........  0%  509K 24h25m
 10250K .......... .......... .......... .......... ..........  0%  783K 24h22m
 10300K .......... .......... .......... .......... ..........  0%  681K 24h21m
 10350K .......... .......... .......... .......... ..........  0%  174K 24h35m
 10400K .......... .......... .......... .......... ..........  0%  143K 24h55m
 10450K .......... .......... .......... .......... ..........  0%  600K 24h54m
 10500K .......... .......... .......... .......... ..........  0%  549K 24h53m
 10550K .......... .......... .......... .......... ..........  0%  699K 24h52m
 10600K .......... .......... .......... .......... ..........  0% 99.9K 25h22m
 10650K .......... .......... .......... .......... ..........  0%  385K 25h24m
 10700K .......... .......... .......... .......... ..........  0%  147K 25h42m
 10750K .......... .......... .......... .......... ..........  0%  579K 25h41m
 10800K .......... .......... .......... .......... ..........  0%  443K 25h42m
 10850K .......... .......... .......... .......... ..........  0%  388K 25h44m
 10900K .......... .......... .......... .......... ..........  0%  673K 25h43m
 10950K .......... .......... .......... .......... ..........  0%  791K 25h40m
 11000K .......... .......... .......... .......... ..........  0%  156K 25h56m
 11050K .......... .......... .......... .......... ..........  0%  490K 25h56m
 11100K .......... .......... .......... .......... ..........  0%  583K 25h55m
 11150K .......... .......... .......... .......... ..........  0%  782K 25h53m
 11200K .......... .......... .......... .......... ..........  0%  179K 26h5m
 11250K .......... .......... .......... .......... ..........  0%  499K 26h5m
 11300K .......... .......... .......... .......... ..........  0%  862K 26h2m
 11350K .......... .......... .......... .......... ..........  0%  843K 26h0m
 11400K .......... .......... .......... .......... ..........  0%  144K 26h17m
 11450K .......... .......... .......... .......... ..........  0%  692K 26h15m
 11500K .......... .......... .......... .......... ..........  0%  155K 26h30m
 11550K .......... .......... .......... .......... ..........  0%  585K 26h29m
 11600K .......... .......... .......... .......... ..........  0%  132K 26h48m
 11650K .......... .......... .......... .......... ..........  0%  532K 26h47m
 11700K .......... .......... .......... .......... ..........  0%  154K 27h2m
 11750K .......... .......... .......... .......... ..........  0%  141K 27h19m
 11800K .......... .......... .......... .......... ..........  0%  433K 27h20m
 11850K .......... .......... .......... .......... ..........  0%  533K 27h19m
 11900K .......... .......... .......... .......... ..........  0%  168K 27h32m
 11950K .......... .......... .......... .......... ..........  0%  505K 27h31m
 12000K .......... .......... .......... .......... ..........  0%  582K 27h30m
 12050K .......... .......... .......... .......... ..........  0%  653K 27h28m
 12100K .......... .......... .......... .......... ..........  0%  769K 27h26m
 12150K .......... .......... .......... .......... ..........  0%  780K 27h23m
 12200K .......... .......... .......... .......... ..........  0%  749K 27h20m
 12250K .......... .......... .......... .......... ..........  0% 1.06M 27h17m
 12300K .......... .......... .......... .......... ..........  0% 1.27M 27h13m
 12350K .......... .......... .......... .......... ..........  0% 1.45M 27h8m
 12400K .......... .......... .......... .......... ..........  0%  178K 27h19m
 12450K .......... .......... .......... .......... ..........  0%  625K 27h18m
 12500K .......... .......... .......... .......... ..........  0% 1.01M 27h14m
 12550K .......... .......... .......... .......... ..........  0%  150K 27h29m
 12600K .......... .......... .......... .......... ..........  0%  572K 27h27m
 12650K .......... .......... .......... .......... ..........  0%  653K 27h26m
 12700K .......... .......... .......... .......... ..........  0%  934K 27h23m
 12750K .......... .......... .......... .......... ..........  0% 89.2K 27h51m
 12800K .......... .......... .......... .......... ..........  0%  438K 27h51m
 12850K .......... .......... .......... .......... ..........  0%  578K 27h50m
 12900K .......... .......... .......... .......... ..........  0%  579K 27h49m
 12950K .......... .......... .......... .......... ..........  0% 1.07M 27h45m
 13000K .......... .......... .......... .......... ..........  0%  165K 27h57m
 13050K .......... .......... .......... .......... ..........  0% 1.01M 27h53m
 13100K .......... .......... .......... .......... ..........  0%  876K 27h50m
 13150K .......... .......... .......... .......... ..........  0% 1.31M 27h46m
 13200K .......... .......... .......... .......... ..........  0%  890K 27h43m
 13250K .......... .......... .......... .......... ..........  0% 1.78M 27h39m
 13300K .......... .......... .......... .......... ..........  0% 1.76M 27h34m
 13350K .......... .......... .......... .......... ..........  0% 1.36M 27h30m
 13400K .......... .......... .......... .......... ..........  0%  195K 27h39m
 13450K .......... .......... .......... .......... ..........  0%  170K 27h50m
 13500K .......... .......... .......... .......... ..........  0%  595K 27h49m
 13550K .......... .......... .......... .......... ..........  0%  865K 27h46m
 13600K .......... .......... .......... .......... ..........  0%  579K 27h45m
 13650K .......... .......... .......... .......... ..........  0%  923K 27h42m
 13700K .......... .......... .......... .......... ..........  0%  994K 27h38m
 13750K .......... .......... .......... .......... ..........  0% 1.79M 27h34m
 13800K .......... .......... .......... .......... ..........  0% 1.62M 27h30m
 13850K .......... .......... .......... .......... ..........  0%  179K 27h40m
 13900K .......... .......... .......... .......... ..........  0%  198K 27h48m
 13950K .......... .......... .......... .......... ..........  0%  503K 27h48m
 14000K .......... .......... .......... .......... ..........  0%  661K 27h46m
 14050K .......... .......... .......... .......... ..........  0%  624K 27h44m
 14100K .......... .......... .......... .......... ..........  0%  702K 27h42m
 14150K .......... .......... .......... .......... ..........  0%  868K 27h40m
 14200K .......... .......... .......... .......... ..........  0% 1.11M 27h36m
 14250K .......... .......... .......... .......... ..........  0% 1.64M 27h32m
 14300K .......... .......... .......... .......... ..........  0% 1.87M 27h28m
 14350K .......... .......... .......... .......... ..........  0% 1.48M 27h24m
 14400K .......... .......... .......... .......... ..........  0% 1.56M 27h20m
 14450K .......... .......... .......... .......... ..........  0% 1.68M 27h16m
 14500K .......... .......... .......... .......... ..........  0% 1.37M 27h12m
 14550K .......... .......... .......... .......... ..........  0% 1.90M 27h8m
 14600K .......... .......... .......... .......... ..........  0% 1.63M 27h4m
 14650K .......... .......... .......... .......... ..........  0% 1.84M 27h0m
 14700K .......... .......... .......... .......... ..........  0% 1.38M 26h56m
 14750K .......... .......... .......... .......... ..........  0% 1.73M 26h52m
 14800K .......... .......... .......... .......... ..........  0% 1.40M 26h49m
 14850K .......... .......... .......... .......... ..........  0% 1.21M 26h45m
 14900K .......... .......... .......... .......... ..........  0%  170K 26h56m
 14950K .......... .......... .......... .......... ..........  0% 1.41M 26h52m
 15000K .......... .......... .......... .......... ..........  0% 1.03M 26h49m
 15050K .......... .......... .......... .......... ..........  0%  176K 26h59m
 15100K .......... .......... .......... .......... ..........  0%  873K 26h56m
 15150K .......... .......... .......... .......... ..........  0% 1.22M 26h53m
 15200K .......... .......... .......... .......... ..........  0%  691K 26h51m
 15250K .......... .......... .......... .......... ..........  0%  164K 27h2m
 15300K .......... .......... .......... .......... ..........  0%  744K 27h0m
 15350K .......... .......... .......... .......... ..........  0% 1.01M 26h57m
 15400K .......... .......... .......... .......... ..........  0%  159K 27h8m
 15450K .......... .......... .......... .......... ..........  0%  950K 27h5m
 15500K .......... .......... .......... .......... ..........  0% 1.20M 27h2m
 15550K .......... .......... .......... .......... ..........  0% 1.20M 26h59m
 15600K .......... .......... .......... .......... ..........  0% 1.27M 26h56m
 15650K .......... .......... .......... .......... ..........  0% 1.28M 26h52m
 15700K .......... .......... .......... .......... ..........  0% 1.11M 26h50m
 15750K .......... .......... .......... .......... ..........  0% 1.91M 26h46m
 15800K .......... .......... .......... .......... ..........  0% 1.31M 26h43m
 15850K .......... .......... .......... .......... ..........  0% 2.70M 26h38m
 15900K .......... .......... .......... .......... ..........  0% 2.01M 26h35m
 15950K .......... .......... .......... .......... ..........  0% 2.02M 26h31m
 16000K .......... .......... .......... .......... ..........  0% 1.46M 26h27m
 16050K .......... .......... .......... .......... ..........  0%  165K 26h37m
 16100K .......... .......... .......... .......... ..........  0%  999K 26h35m
 16150K .......... .......... .......... .......... ..........  0%  953K 26h32m
 16200K .......... .......... .......... .......... ..........  0% 1.15M 26h30m
 16250K .......... .......... .......... .......... ..........  0% 1.57M 26h26m
 16300K .......... .......... .......... .......... ..........  0%  164K 26h36m
 16350K .......... .......... .......... .......... ..........  0%  638K 26h35m
 16400K .......... .......... .......... .......... ..........  0%  174K 26h44m
 16450K .......... .......... .......... .......... ..........  0%  522K 26h43m
 16500K .......... .......... .......... .......... ..........  0% 1.03M 26h41m
 16550K .......... .......... .......... .......... ..........  0% 1.66M 26h37m
 16600K .......... .......... .......... .......... ..........  0% 1.77M 26h34m
 16650K .......... .......... .......... .......... ..........  0% 1.41M 26h31m
 16700K .......... .......... .......... .......... ..........  0%  207K 26h37m
 16750K .......... .......... .......... .......... ..........  0%  166K 26h47m
 16800K .......... .......... .......... .......... ..........  0% 1.03M 26h44m
 16850K .......... .......... .......... .......... ..........  0% 1.22M 26h41m
 16900K .......... .......... .......... .......... ..........  0%  201K 26h48m
 16950K .......... .......... .......... .......... ..........  0%  556K 26h48m
 17000K .......... .......... .......... .......... ..........  0%  861K 26h45m
 17050K .......... .......... .......... .......... ..........  0% 2.18M 26h42m
 17100K .......... .......... .......... .......... ..........  0% 2.19M 26h38m
 17150K .......... .......... .......... .......... ..........  0% 2.42M 26h34m
 17200K .......... .......... .......... .......... ..........  0% 1.39M 26h31m
 17250K .......... .......... .......... .......... ..........  0% 1.31M 26h28m
 17300K .......... .......... .......... .......... ..........  0% 2.91M 26h25m
 17350K .......... .......... .......... .......... ..........  0% 1.41M 26h22m
 17400K .......... .......... .......... .......... ..........  0% 2.49M 26h18m
 17450K .......... .......... .......... .......... ..........  0% 3.44M 26h14m
 17500K .......... .......... .......... .......... ..........  0% 3.04M 26h10m
 17550K .......... .......... .......... .......... ..........  0% 2.93M 26h7m
 17600K .......... .......... .......... .......... ..........  0% 1.86M 26h3m
 17650K .......... .......... .......... .......... ..........  0% 2.79M 26h0m
 17700K .......... .......... .......... .......... ..........  0% 3.72M 25h56m
 17750K .......... .......... .......... .......... ..........  0% 4.71M 25h52m
 17800K .......... .......... .......... .......... ..........  0% 4.10M 25h48m
 17850K .......... .......... .......... .......... ..........  0% 5.00M 25h44m
 17900K .......... .......... .......... .......... ..........  0% 4.65M 25h40m
 17950K .......... .......... .......... .......... ..........  0% 2.23M 25h37m
 18000K .......... .......... .......... .......... ..........  0% 3.90M 25h33m
 18050K .......... .......... .......... .......... ..........  0% 4.35M 25h30m
 18100K .......... .......... .......... .......... ..........  0% 2.39M 25h26m
 18150K .......... .......... .......... .......... ..........  0% 4.50M 25h23m
 18200K .......... .......... .......... .......... ..........  0% 3.92M 25h19m
 18250K .......... .......... .......... .......... ..........  0% 4.37M 25h15m
 18300K .......... .......... .......... .......... ..........  0% 2.62M 25h12m
 18350K .......... .......... .......... .......... ..........  0% 3.18M 25h8m
 18400K .......... .......... .......... .......... ..........  0% 4.12M 25h5m
 18450K .......... .......... .......... .......... ..........  0% 5.41M 25h1m
 18500K .......... .......... .......... .......... ..........  0% 5.30M 24h58m
 18550K .......... .......... .......... .......... ..........  0% 4.02M 24h54m
 18600K .......... .......... .......... .......... ..........  0% 4.44M 24h50m
 18650K .......... .......... .......... .......... ..........  0% 4.96M 24h47m
 18700K .......... .......... .......... .......... ..........  0% 4.91M 24h43m
 18750K .......... .......... .......... .......... ..........  0% 2.41M 24h40m
 18800K .......... .......... .......... .......... ..........  0% 3.56M 24h37m
 18850K .......... .......... .......... .......... ..........  0% 4.19M 24h33m
 18900K .......... .......... .......... .......... ..........  0% 4.27M 24h30m
 18950K .......... .......... .......... .......... ..........  0% 4.59M 24h27m
 19000K .......... .......... .......... .......... ..........  0% 3.58M 24h23m
 19050K .......... .......... .......... .......... ..........  0% 4.14M 24h20m
 19100K .......... .......... .......... .......... ..........  0%  186K 24h27m
 19150K .......... .......... .......... .......... ..........  0%  169K 24h35m
 19200K .......... .......... .......... .......... ..........  0% 1.24M 24h33m
 19250K .......... .......... .......... .......... ..........  0%  947K 24h32m
 19300K .......... .......... .......... .......... ..........  0% 2.00M 24h29m
 19350K .......... .......... .......... .......... ..........  0% 2.51M 24h26m
 19400K .......... .......... .......... .......... ..........  0%  199K 24h32m
 19450K .......... .......... .......... .......... ..........  0%  679K 24h31m
 19500K .......... .......... .......... .......... ..........  0% 2.02M 24h29m
 19550K .......... .......... .......... .......... ..........  0% 2.32M 24h26m
 19600K .......... .......... .......... .......... ..........  0% 2.55M 24h23m
 19650K .......... .......... .......... .......... ..........  0% 2.73M 24h20m
 19700K .......... .......... .......... .......... ..........  0% 1.56M 24h17m
 19750K .......... .......... .......... .......... ..........  0% 2.31M 24h14m
 19800K .......... .......... .......... .......... ..........  0% 1.30M 24h12m
 19850K .......... .......... .......... .......... ..........  0% 2.24M 24h9m
 19900K .......... .......... .......... .......... ..........  0% 3.71M 24h6m
 19950K .......... .......... .......... .......... ..........  0% 3.37M 24h3m
 20000K .......... .......... .......... .......... ..........  0% 3.88M 24h0m
 20050K .......... .......... .......... .......... ..........  0% 4.37M 23h57m
 20100K .......... .......... .......... .......... ..........  0% 3.40M 23h54m
 20150K .......... .......... .......... .......... ..........  0% 3.73M 23h51m
 20200K .......... .......... .......... .......... ..........  0% 2.40M 23h48m
 20250K .......... .......... .......... .......... ..........  0% 3.93M 23h45m
 20300K .......... .......... .......... .......... ..........  0% 4.61M 23h42m
 20350K .......... .......... .......... .......... ..........  0% 5.51M 23h39m
 20400K .......... .......... .......... .......... ..........  0% 2.68M 23h36m
 20450K .......... .......... .......... .......... ..........  0% 4.64M 23h33m
 20500K .......... .......... .......... .......... ..........  0% 3.62M 23h30m
 20550K .......... .......... .......... .......... ..........  0% 3.48M 23h27m
 20600K .......... .......... .......... .......... ..........  0% 2.17M 23h25m
 20650K .......... .......... .......... .......... ..........  0% 3.87M 23h22m
 20700K .......... .......... .......... .......... ..........  0% 5.10M 23h19m
 20750K .......... .......... .......... .......... ..........  0% 5.37M 23h16m
 20800K .......... .......... .......... .......... ..........  0% 3.81M 23h13m
 20850K .......... .......... .......... .......... ..........  0% 4.79M 23h10m
 20900K .......... .......... .......... .......... ..........  0% 3.94M 23h7m
 20950K .......... .......... .......... .......... ..........  0% 4.27M 23h4m
 21000K .......... .......... .......... .......... ..........  0% 2.16M 23h2m
 21050K .......... .......... .......... .......... ..........  0% 3.96M 22h59m
 21100K .......... .......... .......... .......... ..........  0% 4.59M 22h56m
 21150K .......... .......... .......... .......... ..........  0% 3.90M 22h53m
 21200K .......... .......... .......... .......... ..........  0% 3.62M 22h51m
 21250K .......... .......... .......... .......... ..........  0% 4.09M 22h48m
 21300K .......... .......... .......... .......... ..........  0% 4.46M 22h45m
 21350K .......... .......... .......... .......... ..........  0% 2.62M 22h42m
 21400K .......... .......... .......... .......... ..........  0% 3.91M 22h40m
 21450K .......... .......... .......... .......... ..........  0% 4.79M 22h37m
 21500K .......... .......... .......... .......... ..........  0% 4.05M 22h34m
 21550K .......... .......... .......... .......... ..........  0% 3.50M 22h32m
 21600K .......... .......... .......... .......... ..........  0% 3.33M 22h29m
 21650K .......... .......... .......... .......... ..........  0% 3.65M 22h26m
 21700K .......... .......... .......... .......... ..........  0% 2.25M 22h24m
 21750K .......... .......... .......... .......... ..........  0% 4.00M 22h21m
 21800K .......... .......... .......... .......... ..........  0% 3.72M 22h19m
 21850K .......... .......... .......... .......... ..........  0% 3.96M 22h16m
 21900K .......... .......... .......... .......... ..........  0% 4.88M 22h14m
 21950K .......... .......... .......... .......... ..........  0% 4.55M 22h11m
 22000K .......... .......... .......... .......... ..........  0% 4.56M 22h8m
 22050K .......... .......... .......... .......... ..........  0% 4.93M 22h6m
 22100K .......... .......... .......... .......... ..........  0% 4.30M 22h3m
 22150K .......... .......... .......... .......... ..........  0% 2.06M 22h1m
 22200K .......... .......... .......... .......... ..........  0% 3.26M 21h58m
 22250K .......... .......... .......... .......... ..........  0% 3.20M 21h56m
 22300K .......... .......... .......... .......... ..........  0% 3.92M 21h53m
 22350K .......... .......... .......... .......... ..........  0% 2.70M 21h51m
 22400K .......... .......... .......... .......... ..........  0% 1.78M 21h49m
 22450K .......... .......... .......... .......... ..........  0% 4.16M 21h47m
 22500K .......... .......... .......... .......... ..........  0% 4.48M 21h44m
 22550K .......... .......... .......... .......... ..........  0% 3.53M 21h42m
 22600K .......... .......... .......... .......... ..........  0% 3.69M 21h39m
 22650K .......... .......... .......... .......... ..........  0% 4.09M 21h37m
 22700K .......... .......... .......... .......... ..........  0% 4.41M 21h34m
 22750K .......... .......... .......... .......... ..........  0% 4.48M 21h32m
 22800K .......... .......... .......... .......... ..........  0% 2.57M 21h30m
 22850K .......... .......... .......... .......... ..........  0% 4.36M 21h27m
 22900K .......... .......... .......... .......... ..........  0% 5.39M 21h25m
 22950K .......... .......... .......... .......... ..........  0% 4.88M 21h22m
 23000K .......... .......... .......... .......... ..........  0% 3.44M 21h20m
 23050K .......... .......... .......... .......... ..........  0% 3.50M 21h18m
 23100K .......... .......... .......... .......... ..........  0% 4.02M 21h15m
 23150K .......... .......... .......... .......... ..........  0% 3.79M 21h13m
 23200K .......... .......... .......... .......... ..........  0% 1.49M 21h12m
 23250K .......... .......... .......... .......... ..........  0% 3.37M 21h9m
 23300K .......... .......... .......... .......... ..........  0% 3.02M 21h7m
 23350K .......... .......... .......... .......... ..........  0% 3.49M 21h5m
 23400K .......... .......... .......... .......... ..........  0% 3.37M 21h3m
 23450K .......... .......... .......... .......... ..........  0% 2.08M 21h1m
 23500K .......... .......... .......... .......... ..........  0% 2.92M 20h59m
 23550K .......... .......... .......... .......... ..........  0% 3.20M 20h56m
 23600K .......... .......... .......... .......... ..........  0% 2.20M 20h55m
 23650K .......... .......... .......... .......... ..........  0% 4.90M 20h52m
 23700K .......... .......... .......... .......... ..........  0% 5.24M 20h50m
 23750K .......... .......... .......... .......... ..........  0% 6.84M 20h48m
 23800K .......... .......... .......... .......... ..........  0% 2.50M 20h46m
 23850K .......... .......... .......... .......... ..........  0% 5.03M 20h43m
 23900K .......... .......... .......... .......... ..........  0% 4.45M 20h41m
 23950K .......... .......... .......... .......... ..........  0% 4.70M 20h39m
 24000K .......... .......... .......... .......... ..........  0% 4.29M 20h37m
 24050K .......... .......... .......... .......... ..........  0% 3.81M 20h34m
 24100K .......... .......... .......... .......... ..........  0% 4.71M 20h32m
 24150K .......... .......... .......... .......... ..........  0% 4.21M 20h30m
 24200K .......... .......... .......... .......... ..........  0% 2.46M 20h28m
 24250K .......... .......... .......... .......... ..........  0% 6.32M 20h26m
 24300K .......... .......... .......... .......... ..........  0% 6.57M 20h24m
 24350K .......... .......... .......... .......... ..........  0% 6.28M 20h21m
 24400K .......... .......... .......... .......... ..........  0% 4.52M 20h19m
 24450K .......... .......... .......... .......... ..........  0% 6.61M 20h17m
 24500K .......... .......... .......... .......... ..........  0% 6.52M 20h15m
 24550K .......... .......... .......... .......... ..........  0% 6.14M 20h12m
 24600K .......... .......... .......... .......... ..........  0% 4.88M 20h10m
 24650K .......... .......... .......... .......... ..........  0% 5.54M 20h8m
 24700K .......... .......... .......... .......... ..........  0% 5.20M 20h6m
 24750K .......... .......... .......... .......... ..........  0%  186K 20h12m
 24800K .......... .......... .......... .......... ..........  0% 2.25M 20h10m
 24850K .......... .......... .......... .......... ..........  0% 3.25M 20h8m
 24900K .......... .......... .......... .......... ..........  0% 2.01M 20h7m
 24950K .......... .......... .......... .......... ..........  0% 3.56M 20h5m
 25000K .......... .......... .......... .......... ..........  0% 3.29M 20h3m
 25050K .......... .......... .......... .......... ..........  0% 4.31M 20h1m
 25100K .......... .......... .......... .......... ..........  0% 3.22M 19h59m
 25150K .......... .......... .......... .......... ..........  0%  179K 20h5m
 25200K .......... .......... .......... .......... ..........  0%  890K 20h4m
 25250K .......... .......... .......... .......... ..........  0% 1.94M 20h3m
 25300K .......... .......... .......... .......... ..........  0% 2.43M 20h1m
 25350K .......... .......... .......... .......... ..........  0% 2.57M 19h59m
 25400K .......... .......... .......... .......... ..........  0% 2.66M 19h58m
 25450K .......... .......... .......... .......... ..........  0% 1.83M 19h56m
 25500K .......... .......... .......... .......... ..........  0% 2.00M 19h54m
 25550K .......... .......... .......... .......... ..........  0% 1.60M 19h53m
 25600K .......... .......... .......... .......... ..........  0% 4.10M 19h51m
 25650K .......... .......... .......... .......... ..........  0% 3.14M 19h49m
 25700K .......... .......... .......... .......... ..........  0% 4.79M 19h47m
 25750K .......... .......... .......... .......... ..........  0% 6.28M 19h45m
 25800K .......... .......... .......... .......... ..........  0% 5.34M 19h43m
 25850K .......... .......... .......... .......... ..........  0% 5.98M 19h41m
 25900K .......... .......... .......... .......... ..........  0% 5.37M 19h39m
 25950K .......... .......... .......... .......... ..........  0% 6.52M 19h37m
 26000K .......... .......... .......... .......... ..........  0% 4.87M 19h35m
 26050K .......... .......... .......... .......... ..........  0% 6.49M 19h33m
 26100K .......... .......... .......... .......... ..........  0%  186K 19h39m
 26150K .......... .......... .......... .......... ..........  0% 2.41M 19h37m
 26200K .......... .......... .......... .......... ..........  0% 2.50M 19h36m
 26250K .......... .......... .......... .......... ..........  0% 3.60M 19h34m
 26300K .......... .......... .......... .......... ..........  0% 2.26M 19h32m
 26350K .......... .......... .......... .......... ..........  0% 3.95M 19h30m
 26400K .......... .......... .......... .......... ..........  0% 3.17M 19h29m
 26450K .......... .......... .......... .......... ..........  0% 3.13M 19h27m
 26500K .......... .......... .......... .......... ..........  0% 4.00M 19h25m
 26550K .......... .......... .......... .......... ..........  0% 3.22M 19h23m
 26600K .......... .......... .......... .......... ..........  0% 1.25M 19h22m
 26650K .......... .......... .......... .......... ..........  0% 3.88M 19h20m
 26700K .......... .......... .......... .......... ..........  0% 3.71M 19h19m
 26750K .......... .......... .......... .......... ..........  0% 4.43M 19h17m
 26800K .......... .......... .......... .......... ..........  0% 4.09M 19h15m
 26850K .......... .......... .......... .......... ..........  0% 5.66M 19h13m
 26900K .......... .......... .......... .......... ..........  0% 8.45M 19h11m
 26950K .......... .......... .......... .......... ..........  0% 3.21M 19h9m
 27000K .......... .......... .......... .......... ..........  0% 4.07M 19h8m
 27050K .......... .......... .......... .......... ..........  0% 5.54M 19h6m
 27100K .......... .......... .......... .......... ..........  0% 6.93M 19h4m
 27150K .......... .......... .......... .......... ..........  0% 5.06M 19h2m
 27200K .......... .......... .......... .......... ..........  0% 6.17M 19h0m
 27250K .......... .......... .......... .......... ..........  0% 5.51M 18h58m
 27300K .......... .......... .......... .......... ..........  0% 5.48M 18h57m
 27350K .......... .......... .......... .......... ..........  0%  187K 19h2m
 27400K .......... .......... .......... .......... ..........  0% 1.41M 19h1m
 27450K .......... .......... .......... .......... ..........  0% 2.17M 19h0m
 27500K .......... .......... .......... .......... ..........  0% 1.64M 18h58m
 27550K .......... .......... .......... .......... ..........  0% 2.62M 18h57m
 27600K .......... .......... .......... .......... ..........  0% 2.44M 18h55m
 27650K .......... .......... .......... .......... ..........  0% 2.70M 18h54m
 27700K .......... .......... .......... .......... ..........  0%  171K 19h0m
 27750K .......... .......... .......... .......... ..........  0% 1.89M 18h59m
 27800K .......... .......... .......... .......... ..........  0% 1.25M 18h58m
 27850K .......... .......... .......... .......... ..........  0% 2.32M 18h56m
 27900K .......... .......... .......... .......... ..........  0% 2.67M 18h55m
 27950K .......... .......... .......... .......... ..........  0% 2.81M 18h53m
 28000K .......... .......... .......... .......... ..........  0%  179K 18h59m
 28050K .......... .......... .......... .......... ..........  0% 1.98M 18h58m
 28100K .......... .......... .......... .......... ..........  0% 1.21M 18h57m
 28150K .......... .......... .......... .......... ..........  0% 3.65M 18h55m
 28200K .......... .......... .......... .......... ..........  0% 2.85M 18h54m
 28250K .......... .......... .......... .......... ..........  0% 3.30M 18h52m
 28300K .......... .......... .......... .......... ..........  0% 3.66M 18h50m
 28350K .......... .......... .......... .......... ..........  0% 1.94M 18h49m
 28400K .......... .......... .......... .......... ..........  0% 3.46M 18h48m
 28450K .......... .......... .......... .......... ..........  0% 4.31M 18h46m
 28500K .......... .......... .......... .......... ..........  0% 3.34M 18h44m
 28550K .......... .......... .......... .......... ..........  0% 1.97M 18h43m
 28600K .......... .......... .......... .......... ..........  0% 2.53M 18h42m
 28650K .......... .......... .......... .......... ..........  0% 4.24M 18h40m
 28700K .......... .......... .......... .......... ..........  0% 4.18M 18h38m
 28750K .......... .......... .......... .......... ..........  0% 4.66M 18h37m
 28800K .......... .......... .......... .......... ..........  0% 3.79M 18h35m
 28850K .......... .......... .......... .......... ..........  0% 4.18M 18h33m
 28900K .......... .......... .......... .......... ..........  0% 4.32M 18h32m
 28950K .......... .......... .......... .......... ..........  0%  175K 18h38m
 29000K .......... .......... .......... .......... ..........  0% 1.54M 18h37m
 29050K .......... .......... .......... .......... ..........  0% 1.56M 18h36m
 29100K .......... .......... .......... .......... ..........  0% 2.54M 18h34m
 29150K .......... .......... .......... .......... ..........  0% 2.89M 18h33m
 29200K .......... .......... .......... .......... ..........  0% 2.39M 18h31m
 29250K .......... .......... .......... .......... ..........  0% 1.95M 18h30m
 29300K .......... .......... .......... .......... ..........  0% 1.69M 18h29m
 29350K .......... .......... .......... .......... ..........  0% 3.53M 18h27m
 29400K .......... .......... .......... .......... ..........  0% 3.56M 18h26m
 29450K .......... .......... .......... .......... ..........  0% 4.58M 18h24m
 29500K .......... .......... .......... .......... ..........  0% 4.68M 18h23m
 29550K .......... .......... .......... .......... ..........  0% 4.68M 18h21m
 29600K .......... .......... .......... .......... ..........  0% 2.29M 18h20m
 29650K .......... .......... .......... .......... ..........  0% 4.51M 18h18m
 29700K .......... .......... .......... .......... ..........  0% 4.77M 18h17m
 29750K .......... .......... .......... .......... ..........  0% 4.06M 18h15m
 29800K .......... .......... .......... .......... ..........  0% 4.28M 18h14m
 29850K .......... .......... .......... .......... ..........  0% 4.64M 18h12m
 29900K .......... .......... .......... .......... ..........  0% 4.81M 18h11m
 29950K .......... .......... .......... .......... ..........  0% 4.47M 18h9m
 30000K .......... .......... .......... .......... ..........  0% 2.16M 18h8m
 30050K .......... .......... .......... .......... ..........  0% 3.80M 18h6m
 30100K .......... .......... .......... .......... ..........  0% 3.53M 18h5m
 30150K .......... .......... .......... .......... ..........  0% 3.92M 18h3m
 30200K .......... .......... .......... .......... ..........  0% 3.76M 18h2m
 30250K .......... .......... .......... .......... ..........  0% 4.31M 18h0m
 30300K .......... .......... .......... .......... ..........  0% 4.15M 17h59m
 30350K .......... .......... .......... .......... ..........  0% 2.26M 17h58m
 30400K .......... .......... .......... .......... ..........  0% 3.56M 17h56m
 30450K .......... .......... .......... .......... ..........  0% 4.68M 17h55m
 30500K .......... .......... .......... .......... ..........  0% 5.21M 17h53m
 30550K .......... .......... .......... .......... ..........  0% 4.56M 17h52m
 30600K .......... .......... .......... .......... ..........  0% 4.59M 17h50m
 30650K .......... .......... .......... .......... ..........  0% 5.09M 17h49m
 30700K .......... .......... .......... .......... ..........  0% 3.94M 17h47m
 30750K .......... .......... .......... .......... ..........  0% 4.61M 17h46m
 30800K .......... .......... .......... .......... ..........  0% 1.77M 17h45m
 30850K .......... .......... .......... .......... ..........  0% 4.56M 17h44m
 30900K .......... .......... .......... .......... ..........  0% 3.89M 17h42m
 30950K .......... .......... .......... .......... ..........  0% 4.57M 17h41m
 31000K .......... .......... .......... .......... ..........  0% 4.42M 17h39m
 31050K .......... .......... .......... .......... ..........  0% 5.18M 17h38m
 31100K .......... .......... .......... .......... ..........  0% 5.30M 17h36m
 31150K .......... .......... .......... .......... ..........  0% 2.70M 17h35m
 31200K .......... .......... .......... .......... ..........  0% 3.62M 17h34m
 31250K .......... .......... .......... .......... ..........  0% 3.43M 17h32m
 31300K .......... .......... .......... .......... ..........  0% 4.96M 17h31m
 31350K .......... .......... .......... .......... ..........  0% 4.84M 17h30m
 31400K .......... .......... .......... .......... ..........  0% 4.70M 17h28m
 31450K .......... .......... .......... .......... ..........  0% 5.25M 17h27m
 31500K .......... .......... .......... .......... ..........  0% 4.54M 17h25m
 31550K .......... .......... .......... .......... ..........  0% 4.57M 17h24m
 31600K .......... .......... .......... .......... ..........  0% 2.43M 17h23m
 31650K .......... .......... .......... .......... ..........  0% 5.68M 17h21m
 31700K .......... .......... .......... .......... ..........  0% 4.85M 17h20m
 31750K .......... .......... .......... .......... ..........  0% 4.65M 17h19m
 31800K .......... .......... .......... .......... ..........  0% 4.03M 17h17m
 31850K .......... .......... .......... .......... ..........  0% 4.33M 17h16m
 31900K .......... .......... .......... .......... ..........  0% 4.56M 17h14m
 31950K .......... .......... .......... .......... ..........  0%  182K 17h20m
 32000K .......... .......... .......... .......... ..........  0% 1.60M 17h19m
 32050K .......... .......... .......... .......... ..........  0% 1.32M 17h18m
 32100K .......... .......... .......... .......... ..........  0% 1.94M 17h17m
 32150K .......... .......... .......... .......... ..........  0% 2.30M 17h16m
 32200K .......... .......... .......... .......... ..........  0% 1.87M 17h15m
 32250K .......... .......... .......... .......... ..........  0%  172K 17h20m
 32300K .......... .......... .......... .......... ..........  0% 1.07M 17h20m
 32350K .......... .......... .......... .......... ..........  0%  185K 17h25m
 32400K .......... .......... .......... .......... ..........  0%  172K 17h30m
 32450K .......... .......... .......... .......... ..........  0%  500K 17h31m
 32500K .......... .......... .......... .......... ..........  0%  876K 17h31m
 32550K .......... .......... .......... .......... ..........  0% 1.43M 17h30m
 32600K .......... .......... .......... .......... ..........  0%  785K 17h30m
 32650K .......... .......... .......... .......... ..........  0% 2.32M 17h29m
 32700K .......... .......... .......... .......... ..........  0% 2.40M 17h28m
 32750K .......... .......... .......... .......... ..........  0% 1.22M 17h27m
 32800K .......... .......... .......... .......... ..........  0% 2.72M 17h26m
 32850K .......... .......... .......... .......... ..........  0%  209K 17h30m
 32900K .......... .......... .......... .......... ..........  0%  446K 17h31m
 32950K .......... .......... .......... .......... ..........  0% 1.47M 17h30m
 33000K .......... .......... .......... .......... ..........  0% 1.97M 17h29m
 33050K .......... .......... .......... .......... ..........  0% 2.37M 17h28m
 33100K .......... .......... .......... .......... ..........  0% 2.41M 17h27m
 33150K .......... .......... .......... .......... ..........  0% 1.65M 17h26m
 33200K .......... .......... .......... .......... ..........  0%  165K 17h32m
 33250K .......... .......... .......... .......... ..........  0% 1.76M 17h31m
 33300K .......... .......... .......... .......... ..........  0% 1.83M 17h30m
 33350K .......... .......... .......... .......... ..........  0% 1.48M 17h29m
 33400K .......... .......... .......... .......... ..........  0%  177K 17h34m
 33450K .......... .......... .......... .......... ..........  0%  175K 17h39m
 33500K .......... .......... .......... .......... ..........  0%  762K 17h39m
 33550K .......... .......... .......... .......... ..........  0% 1.60M 17h38m
 33600K .......... .......... .......... .......... ..........  0% 1.10M 17h38m
 33650K .......... .......... .......... .......... ..........  0% 1.27M 17h37m
 33700K .......... .......... .......... .......... ..........  0% 1.96M 17h36m
 33750K .......... .......... .......... .......... ..........  0% 1.63M 17h35m
 33800K .......... .......... .......... .......... ..........  0% 1.42M 17h35m
 33850K .......... .......... .......... .......... ..........  0% 2.99M 17h33m
 33900K .......... .......... .......... .......... ..........  0% 4.05M 17h32m
 33950K .......... .......... .......... .......... ..........  0% 3.61M 17h31m
 34000K .......... .......... .......... .......... ..........  0% 1.97M 17h30m
 34050K .......... .......... .......... .......... ..........  0% 4.48M 17h29m
 34100K .......... .......... .......... .......... ..........  0% 4.10M 17h27m
 34150K .......... .......... .......... .......... ..........  0% 4.25M 17h26m
 34200K .......... .......... .......... .......... ..........  0% 3.95M 17h25m
 34250K .......... .......... .......... .......... ..........  0% 3.89M 17h24m
 34300K .......... .......... .......... .......... ..........  0% 4.67M 17h22m
 34350K .......... .......... .......... .......... ..........  0% 2.31M 17h21m
 34400K .......... .......... .......... .......... ..........  0% 2.71M 17h20m
 34450K .......... .......... .......... .......... ..........  0% 3.28M 17h19m
 34500K .......... .......... .......... .......... ..........  0% 4.10M 17h18m
 34550K .......... .......... .......... .......... ..........  0% 3.15M 17h17m
 34600K .......... .......... .......... .......... ..........  0% 2.40M 17h16m
 34650K .......... .......... .......... .......... ..........  0% 2.30M 17h15m
 34700K .......... .......... .......... .......... ..........  0%  192K 17h19m
 34750K .......... .......... .......... .......... ..........  0%  785K 17h19m
 34800K .......... .......... .......... .......... ..........  0% 1.25M 17h18m
 34850K .......... .......... .......... .......... ..........  0% 1.11M 17h18m
 34900K .......... .......... .......... .......... ..........  0% 1.69M 17h17m
 34950K .......... .......... .......... .......... ..........  0% 89.5K 17h28m
 35000K .......... .......... .......... .......... ..........  0%  554K 17h29m
 35050K .......... .......... .......... .......... ..........  0%  999K 17h28m
 35100K .......... .......... .......... .......... ..........  0% 1.17M 17h28m
 35150K .......... .......... .......... .......... ..........  0%  843K 17h28m
 35200K .......... .......... .......... .......... ..........  0% 1.30M 17h27m
 35250K .......... .......... .......... .......... ..........  0%  172K 17h32m
 35300K .......... .......... .......... .......... ..........  0% 1.02M 17h31m
 35350K .......... .......... .......... .......... ..........  0% 1.39M 17h31m
 35400K .......... .......... .......... .......... ..........  0% 1.17M 17h30m
 35450K .......... .......... .......... .......... ..........  0%  193K 17h34m
 35500K .......... .......... .......... .......... ..........  0%  583K 17h35m
 35550K .......... .......... .......... .......... ..........  0%  895K 17h35m
 35600K .......... .......... .......... .......... ..........  0%  906K 17h34m
 35650K .......... .......... .......... .......... ..........  0% 1.25M 17h34m
 35700K .......... .......... .......... .......... ..........  0% 1.13M 17h33m
 35750K .......... .......... .......... .......... ..........  0% 1.21M 17h33m
 35800K .......... .......... .......... .......... ..........  0% 1.17M 17h32m
 35850K .......... .......... .......... .......... ..........  0% 1.97M 17h31m
 35900K .......... .......... .......... .......... ..........  0% 1.94M 17h30m
 35950K .......... .......... .......... .......... ..........  0% 1.93M 17h29m
 36000K .......... .......... .......... .......... ..........  0%  199K 17h33m
 36050K .......... .......... .......... .......... ..........  0%  649K 17h34m
 36100K .......... .......... .......... .......... ..........  0% 1.72M 17h33m
 36150K .......... .......... .......... .......... ..........  0% 1.97M 17h32m
 36200K .......... .......... .......... .......... ..........  0% 1.33M 17h31m
 36250K .......... .......... .......... .......... ..........  0% 2.22M 17h30m
 36300K .......... .......... .......... .......... ..........  0%  205K 17h34m
 36350K .......... .......... .......... .......... ..........  0%  665K 17h34m
 36400K .......... .......... .......... .......... ..........  0%  169K 17h39m
 36450K .......... .......... .......... .......... ..........  0% 1.31M 17h38m
 36500K .......... .......... .......... .......... ..........  0% 1.45M 17h38m
 36550K .......... .......... .......... .......... ..........  0% 1.23M 17h37m
 36600K .......... .......... .......... .......... ..........  0% 1.87M 17h36m
 36650K .......... .......... .......... .......... ..........  0% 1.28M 17h36m
 36700K .......... .......... .......... .......... ..........  0% 3.02M 17h35m
 36750K .......... .......... .......... .......... ..........  0% 2.66M 17h33m
 36800K .......... .......... .......... .......... ..........  0% 2.53M 17h32m
 36850K .......... .......... .......... .......... ..........  0% 3.91M 17h31m
 36900K .......... .......... .......... .......... ..........  0% 2.26M 17h30m
 36950K .......... .......... .......... .......... ..........  0% 3.71M 17h29m
 37000K .......... .......... .......... .......... ..........  0% 2.86M 17h28m
 37050K .......... .......... .......... .......... ..........  0% 2.93M 17h27m
 37100K .......... .......... .......... .......... ..........  0% 3.31M 17h26m
 37150K .......... .......... .......... .......... ..........  0% 2.62M 17h25m
 37200K .......... .......... .......... .......... ..........  0% 1.81M 17h24m
 37250K .......... .......... .......... .......... ..........  0% 2.49M 17h23m
 37300K .......... .......... .......... .......... ..........  0% 2.40M 17h22m
 37350K .......... .......... .......... .......... ..........  0% 2.43M 17h21m
 37400K .......... .......... .......... .......... ..........  0% 1.50M 17h21m
 37450K .......... .......... .......... .......... ..........  0% 2.61M 17h20m
 37500K .......... .......... .......... .......... ..........  0% 1.67M 17h19m
 37550K .......... .......... .......... .......... ..........  0% 1.12M 17h18m
 37600K .......... .......... .......... .......... ..........  0% 1.29M 17h18m
 37650K .......... .......... .......... .......... ..........  0% 3.06M 17h17m
 37700K .......... .......... .......... .......... ..........  0% 2.89M 17h16m
 37750K .......... .......... .......... .......... ..........  0% 2.81M 17h15m
 37800K .......... .......... .......... .......... ..........  0% 1.36M 17h14m
 37850K .......... .......... .......... .......... ..........  0% 2.69M 17h13m
 37900K .......... .......... .......... .......... ..........  0% 2.83M 17h12m
 37950K .......... .......... .......... .......... ..........  0% 3.34M 17h11m
 38000K .......... .......... .......... .......... ..........  0% 1.91M 17h10m
 38050K .......... .......... .......... .......... ..........  0% 2.68M 17h9m
 38100K .......... .......... .......... .......... ..........  0% 2.83M 17h8m
 38150K .......... .......... .......... .......... ..........  0% 2.51M 17h7m
 38200K .......... .......... .......... .......... ..........  0% 1.90M 17h6m
 38250K .......... .......... .......... .......... ..........  0% 1.68M 17h6m
 38300K .......... .......... .......... .......... ..........  0% 2.34M 17h5m
 38350K .......... .......... .......... .......... ..........  0% 2.49M 17h4m
 38400K .......... .......... .......... .......... ..........  0% 2.05M 17h3m
 38450K .......... .......... .......... .......... ..........  0% 1.74M 17h2m
 38500K .......... .......... .......... .......... ..........  0% 2.58M 17h1m
 38550K .......... .......... .......... .......... ..........  0% 2.46M 17h0m
 38600K .......... .......... .......... .......... ..........  0% 2.31M 16h59m
 38650K .......... .......... .......... .......... ..........  0% 2.69M 16h58m
 38700K .......... .......... .......... .......... ..........  0% 2.11M 16h58m
 38750K .......... .......... .......... .......... ..........  0% 2.33M 16h57m
 38800K .......... .......... .......... .......... ..........  0% 1.76M 16h56m
 38850K .......... .......... .......... .......... ..........  0% 2.47M 16h55m
 38900K .......... .......... .......... .......... ..........  0%  204K 16h59m
 38950K .......... .......... .......... .......... ..........  0%  672K 16h59m
 39000K .......... .......... .......... .......... ..........  0%  834K 16h59m
 39050K .......... .......... .......... .......... ..........  0% 1.32M 16h58m
 39100K .......... .......... .......... .......... ..........  0% 1011K 16h58m
 39150K .......... .......... .......... .......... ..........  0% 1.09M 16h58m
 39200K .......... .......... .......... .......... ..........  0% 1.27M 16h57m
 39250K .......... .......... .......... .......... ..........  0% 1.85M 16h56m
 39300K .......... .......... .......... .......... ..........  0% 1.96M 16h55m
 39350K .......... .......... .......... .......... ..........  0% 1.59M 16h55m
 39400K .......... .......... .......... .......... ..........  0% 1.91M 16h54m
 39450K .......... .......... .......... .......... ..........  0% 2.25M 16h53m
 39500K .......... .......... .......... .......... ..........  0% 2.52M 16h52m
 39550K .......... .......... .......... .......... ..........  0% 2.73M 16h51m
 39600K .......... .......... .......... .......... ..........  0% 1.60M 16h51m
 39650K .......... .......... .......... .......... ..........  0% 2.27M 16h50m
 39700K .......... .......... .......... .......... ..........  0% 2.39M 16h49m
 39750K .......... .......... .......... .......... ..........  0% 2.27M 16h48m
 39800K .......... .......... .......... .......... ..........  0% 1.44M 16h47m
 39850K .......... .......... .......... .......... ..........  0% 2.35M 16h47m
 39900K .......... .......... .......... .......... ..........  0% 2.48M 16h46m
 39950K .......... .......... .......... .......... ..........  0% 2.60M 16h45m
 40000K .......... .......... .......... .......... ..........  0% 1.59M 16h44m
 40050K .......... .......... .......... .......... ..........  0% 1.83M 16h43m
 40100K .......... .......... .......... .......... ..........  0% 2.30M 16h43m
 40150K .......... .......... .......... .......... ..........  0% 2.27M 16h42m
 40200K .......... .......... .......... .......... ..........  0% 1.40M 16h41m
 40250K .......... .......... .......... .......... ..........  0% 2.59M 16h40m
 40300K .......... .......... .......... .......... ..........  0% 2.24M 16h40m
 40350K .......... .......... .......... .......... ..........  0% 2.32M 16h39m
 40400K .......... .......... .......... .......... ..........  0% 1.32M 16h38m
 40450K .......... .......... .......... .......... ..........  0%  172K 16h43m
 40500K .......... .......... .......... .......... ..........  0%  803K 16h43m
 40550K .......... .......... .......... .......... ..........  0%  818K 16h43m
 40600K .......... .......... .......... .......... ..........  0%  881K 16h42m
 40650K .......... .......... .......... .......... ..........  0% 1.17M 16h42m
 40700K .......... .......... .......... .......... ..........  0% 1.83M 16h41m
 40750K .......... .......... .......... .......... ..........  0% 2.26M 16h40m
 40800K .......... .......... .......... .......... ..........  0% 3.16M 16h40m
 40850K .......... .......... .......... .......... ..........  0% 1.93M 16h39m
 40900K .......... .......... .......... .......... ..........  0% 3.28M 16h38m
 40950K .......... .......... .......... .......... ..........  0% 2.94M 16h37m
 41000K .......... .......... .......... .......... ..........  0% 2.83M 16h36m
 41050K .......... .......... .......... .......... ..........  0% 2.69M 16h35m
 41100K .......... .......... .......... .......... ..........  0% 1.51M 16h35m
 41150K .......... .......... .......... .......... ..........  0% 2.16M 16h34m
 41200K .......... .......... .......... .......... ..........  0% 1.90M 16h33m
 41250K .......... .......... .......... .......... ..........  0% 2.22M 16h32m
 41300K .......... .......... .......... .......... ..........  0% 1.64M 16h32m
 41350K .......... .......... .......... .......... ..........  0% 2.14M 16h31m
 41400K .......... .......... .......... .......... ..........  0% 1.98M 16h30m
 41450K .......... .......... .......... .......... ..........  0% 2.04M 16h29m
 41500K .......... .......... .......... .......... ..........  0% 1.48M 16h29m
 41550K .......... .......... .......... .......... ..........  0% 1.95M 16h28m
 41600K .......... .......... .......... .......... ..........  0%  164K 16h33m
 41650K .......... .......... .......... .......... ..........  0%  927K 16h33m
 41700K .......... .......... .......... .......... ..........  0% 1013K 16h32m
 41750K .......... .......... .......... .......... ..........  0% 1.39M 16h32m
 41800K .......... .......... .......... .......... ..........  0% 1.25M 16h31m
 41850K .......... .......... .......... .......... ..........  0% 1.97M 16h31m
 41900K .......... .......... .......... .......... ..........  0% 2.14M 16h30m
 41950K .......... .......... .......... .......... ..........  0% 2.06M 16h29m
 42000K .......... .......... .......... .......... ..........  0% 1.25M 16h29m
 42050K .......... .......... .......... .......... ..........  0% 1.99M 16h28m
 42100K .......... .......... .......... .......... ..........  0% 2.01M 16h27m
 42150K .......... .......... .......... .......... ..........  0% 1.38M 16h27m
 42200K .......... .......... .......... .......... ..........  0% 1.59M 16h26m
 42250K .......... .......... .......... .......... ..........  0% 1.89M 16h25m
 42300K .......... .......... .......... .......... ..........  0% 1.28M 16h25m
 42350K .......... .......... .......... .......... ..........  0%  174K 16h29m
 42400K .......... .......... .......... .......... ..........  0%  887K 16h29m
 42450K .......... .......... .......... .......... ..........  0% 1.36M 16h28m
 42500K .......... .......... .......... .......... ..........  0% 1.22M 16h28m
 42550K .......... .......... .......... .......... ..........  0% 1.63M 16h27m
 42600K .......... .......... .......... .......... ..........  0% 1.08M 16h27m
 42650K .......... .......... .......... .......... ..........  0% 1.44M 16h27m
 42700K .......... .......... .......... .......... ..........  0% 1.88M 16h26m
 42750K .......... .......... .......... .......... ..........  0%  177K 16h30m
 42800K .......... .......... .......... .......... ..........  0% 1.08M 16h30m
 42850K .......... .......... .......... .......... ..........  0%  168K 16h34m
 42900K .......... .......... .......... .......... ..........  0%  822K 16h34m
 42950K .......... .......... .......... .......... ..........  0%  819K 16h34m
 43000K .......... .......... .......... .......... ..........  0%  689K 16h34m
 43050K .......... .......... .......... .......... ..........  0%  162K 16h38m
 43100K .......... .......... .......... .......... ..........  0%  949K 16h38m
 43150K .......... .......... .......... .......... ..........  0% 1.33M 16h38m
 43200K .......... .......... .......... .......... ..........  0%  923K 16h38m
 43250K .......... .......... .......... .......... ..........  0% 1.17M 16h37m
 43300K .......... .......... .......... .......... ..........  0% 1.30M 16h37m
 43350K .......... .......... .......... .......... ..........  0% 1.99M 16h36m
 43400K .......... .......... .......... .......... ..........  0% 1.65M 16h35m
 43450K .......... .......... .......... .......... ..........  0% 1.39M 16h35m
 43500K .......... .......... .......... .......... ..........  0% 1.73M 16h34m
 43550K .......... .......... .......... .......... ..........  0% 1.71M 16h34m
 43600K .......... .......... .......... .......... ..........  0% 1.49M 16h33m
 43650K .......... .......... .......... .......... ..........  0% 1.12M 16h33m
 43700K .......... .......... .......... .......... ..........  0% 1.50M 16h32m
 43750K .......... .......... .......... .......... ..........  0% 1.07M 16h32m
 43800K .......... .......... .......... .......... ..........  0% 1.14M 16h31m
 43850K .......... .......... .......... .......... ..........  0% 1.42M 16h31m
 43900K .......... .......... .......... .......... ..........  0% 1.28M 16h31m
 43950K .......... .......... .......... .......... ..........  0% 1.52M 16h30m
 44000K .......... .......... .......... .......... ..........  0%  169K 16h34m
 44050K .......... .......... .......... .......... ..........  0%  990K 16h34m
 44100K .......... .......... .......... .......... ..........  0% 1.14M 16h34m
 44150K .......... .......... .......... .......... ..........  0%  193K 16h37m
 44200K .......... .......... .......... .......... ..........  0%  141K 16h42m
 44250K .......... .......... .......... .......... ..........  0%  570K 16h43m
 44300K .......... .......... .......... .......... ..........  0%  670K 16h43m
 44350K .......... .......... .......... .......... ..........  0%  847K 16h43m
 44400K .......... .......... .......... .......... ..........  0%  722K 16h43m
 44450K .......... .......... .......... .......... ..........  0%  838K 16h43m
 44500K .......... .......... .......... .......... ..........  0% 1.23M 16h42m
 44550K .......... .......... .......... .......... ..........  0% 1.27M 16h42m
 44600K .......... .......... .......... .......... ..........  0%  910K 16h42m
 44650K .......... .......... .......... .......... ..........  0% 1.41M 16h41m
 44700K .......... .......... .......... .......... ..........  0% 1.29M 16h41m
 44750K .......... .......... .......... .......... ..........  0% 1.80M 16h40m
 44800K .......... .......... .......... .......... ..........  0% 1.48M 16h40m
 44850K .......... .......... .......... .......... ..........  0% 1.38M 16h39m
 44900K .......... .......... .......... .......... ..........  0% 1.87M 16h38m
 44950K .......... .......... .......... .......... ..........  0% 1.87M 16h38m
 45000K .......... .......... .......... .......... ..........  0% 1.25M 16h37m
 45050K .......... .......... .......... .......... ..........  0% 1.79M 16h37m
 45100K .......... .......... .......... .......... ..........  0% 1.84M 16h36m
 45150K .......... .......... .......... .......... ..........  0% 1.87M 16h35m
 45200K .......... .......... .......... .......... ..........  0% 1.12M 16h35m
 45250K .......... .......... .......... .......... ..........  0% 1.67M 16h34m
 45300K .......... .......... .......... .......... ..........  0% 1.70M 16h34m
 45350K .......... .......... .......... .......... ..........  0% 1.26M 16h33m
 45400K .......... .......... .......... .......... ..........  0% 1.45M 16h33m
 45450K .......... .......... .......... .......... ..........  0% 1.73M 16h32m
 45500K .......... .......... .......... .......... ..........  0% 1.31M 16h32m
 45550K .......... .......... .......... .......... ..........  0% 1.70M 16h31m
 45600K .......... .......... .......... .......... ..........  0% 1.42M 16h31m
 45650K .......... .......... .......... .......... ..........  0%  169K 16h35m
 45700K .......... .......... .......... .......... ..........  0%  955K 16h35m
 45750K .......... .......... .......... .......... ..........  0%  979K 16h34m
 45800K .......... .......... .......... .......... ..........  0%  835K 16h34m
 45850K .......... .......... .......... .......... ..........  0%  857K 16h34m
 45900K .......... .......... .......... .......... ..........  0%  174K 16h38m
 45950K .......... .......... .......... .......... ..........  0%  892K 16h38m
 46000K .......... .......... .......... .......... ..........  0%  856K 16h38m
 46050K .......... .......... .......... .......... ..........  0%  164K 16h42m
 46100K .......... .......... .......... .......... ..........  0%  721K 16h42m
 46150K .......... .......... .......... .......... ..........  0%  862K 16h42m
 46200K .......... .......... .......... .......... ..........  0% 1.09M 16h42m
 46250K .......... .......... .......... .......... ..........  0%  893K 16h42m
 46300K .......... .......... .......... .......... ..........  0%  197K 16h45m
 46350K .......... .......... .......... .......... ..........  0%  599K 16h45m
 46400K .......... .......... .......... .......... ..........  0%  782K 16h45m
 46450K .......... .......... .......... .......... ..........  0% 1.20M 16h45m
 46500K .......... .......... .......... .......... ..........  0%  161K 16h49m
 46550K .......... .......... .......... .......... ..........  0%  652K 16h49m
 46600K .......... .......... .......... .......... ..........  0%  687K 16h49m
 46650K .......... .......... .......... .......... ..........  0% 1.29M 16h49m
 46700K .......... .......... .......... .......... ..........  0% 1.17M 16h48m
 46750K .......... .......... .......... .......... ..........  0%  166K 16h52m
 46800K .......... .......... .......... .......... ..........  0% 1.20M 16h52m
 46850K .......... .......... .......... .......... ..........  0%  188K 16h55m
 46900K .......... .......... .......... .......... ..........  0%  509K 16h56m
 46950K .......... .......... .......... .......... ..........  0%  177K 16h59m
 47000K .......... .......... .......... .......... ..........  0%  368K 17h1m
 47050K .......... .......... .......... .......... ..........  0% 1.11M 17h0m
 47100K .......... .......... .......... .......... ..........  0%  169K 17h4m
 47150K .......... .......... .......... .......... ..........  0%  990K 17h4m
 47200K .......... .......... .......... .......... ..........  0%  944K 17h4m
 47250K .......... .......... .......... .......... ..........  0%  170K 17h8m
 47300K .......... .......... .......... .......... ..........  0%  847K 17h7m
 47350K .......... .......... .......... .......... ..........  0% 1.38M 17h7m
 47400K .......... .......... .......... .......... ..........  0% 1.12M 17h7m
 47450K .......... .......... .......... .......... ..........  0% 1.15M 17h6m
 47500K .......... .......... .......... .......... ..........  0% 1.44M 17h6m
 47550K .......... .......... .......... .......... ..........  0% 1.92M 17h5m
 47600K .......... .......... .......... .......... ..........  0% 1.77M 17h4m
 47650K .......... .......... .......... .......... ..........  0%  174K 17h8m
 47700K .......... .......... .......... .......... ..........  0% 1.32M 17h8m
 47750K .......... .......... .......... .......... ..........  0% 1.08M 17h7m
 47800K .......... .......... .......... .......... ..........  0%  163K 17h11m
 47850K .......... .......... .......... .......... ..........  0%  817K 17h11m
 47900K .......... .......... .......... .......... ..........  0%  174K 17h15m
 47950K .......... .......... .......... .......... ..........  0% 86.0K 17h23m
 48000K .......... .......... .......... .......... ..........  0%  445K 17h24m
 48050K .......... .......... .......... .......... ..........  0%  582K 17h24m
 48100K .......... .......... .......... .......... ..........  0%  166K 17h28m
 48150K .......... .......... .......... .......... ..........  0%  674K 17h28m
 48200K .......... .......... .......... .......... ..........  0% 1.22M 17h28m
 48250K .......... .......... .......... .......... ..........  0% 1.21M 17h27m
 48300K .......... .......... .......... .......... ..........  0% 1.55M 17h27m
 48350K .......... .......... .......... .......... ..........  0% 1.49M 17h26m
 48400K .......... .......... .......... .......... ..........  0% 66.0K 17h37m
 48450K .......... .......... .......... .......... ..........  0%  430K 17h38m
 48500K .......... .......... .......... .......... ..........  0%  659K 17h38m
 48550K .......... .......... .......... .......... ..........  0%  758K 17h38m
 48600K .......... .......... .......... .......... ..........  0%  180K 17h42m
 48650K .......... .......... .......... .......... ..........  0%  652K 17h42m
 48700K .......... .......... .......... .......... ..........  0% 1.74M 17h41m
 48750K .......... .......... .......... .......... ..........  0%  183K 17h45m
 48800K .......... .......... .......... .......... ..........  0%  163K 17h48m
 48850K .......... .......... .......... .......... ..........  0%  967K 17h48m
 48900K .......... .......... .......... .......... ..........  0% 1.06M 17h48m
 48950K .......... .......... .......... .......... ..........  0%  867K 17h48m
 49000K .......... .......... .......... .......... ..........  0% 1.10M 17h47m
 49050K .......... .......... .......... .......... ..........  0%  178K 17h51m
 49100K .......... .......... .......... .......... ..........  0% 1.24M 17h50m
 49150K .......... .......... .......... .......... ..........  0% 1.21M 17h50m
 49200K .......... .......... .......... .......... ..........  0% 1.39M 17h49m
 49250K .......... .......... .......... .......... ..........  0%  174K 17h53m
 49300K .......... .......... .......... .......... ..........  0% 1021K 17h52m
 49350K .......... .......... .......... .......... ..........  0% 1.07M 17h52m
 49400K .......... .......... .......... .......... ..........  0% 1.35M 17h51m
 49450K .......... .......... .......... .......... ..........  0% 1.50M 17h51m
 49500K .......... .......... .......... .......... ..........  0% 1.48M 17h50m
 49550K .......... .......... .......... .......... ..........  0% 2.13M 17h50m
 49600K .......... .......... .......... .......... ..........  0%  203K 17h52m
 49650K .......... .......... .......... .......... ..........  0%  749K 17h52m
 49700K .......... .......... .......... .......... ..........  0% 1.11M 17h52m
 49750K .......... .......... .......... .......... ..........  0% 1.35M 17h52m
 49800K .......... .......... .......... .......... ..........  0%  170K 17h55m
 49850K .......... .......... .......... .......... ..........  0%  965K 17h55m
 49900K .......... .......... .......... .......... ..........  0%  818K 17h55m
 49950K .......... .......... .......... .......... ..........  0% 1.02M 17h54m
 50000K .......... .......... .......... .......... ..........  0%  168K 17h58m
 50050K .......... .......... .......... .......... ..........  0%  958K 17h58m
 50100K .......... .......... .......... .......... ..........  0% 1.46M 17h57m
 50150K .......... .......... .......... .......... ..........  0% 1.21M 17h57m
 50200K .......... .......... .......... .......... ..........  0% 1.26M 17h56m
 50250K .......... .......... .......... .......... ..........  0% 1.17M 17h56m
 50300K .......... .......... .......... .......... ..........  0%  175K 17h59m
 50350K .......... .......... .......... .......... ..........  0% 1.13M 17h59m
 50400K .......... .......... .......... .......... ..........  0% 1.23M 17h58m
 50450K .......... .......... .......... .......... ..........  0% 1.18M 17h58m
 50500K .......... .......... .......... .......... ..........  0% 1.64M 17h57m
 50550K .......... .......... .......... .......... ..........  0% 1.46M 17h57m
 50600K .......... .......... .......... .......... ..........  0%  171K 18h0m
 50650K .......... .......... .......... .......... ..........  0% 1.27M 18h0m
 50700K .......... .......... .......... .......... ..........  0% 1.59M 17h59m
 50750K .......... .......... .......... .......... ..........  0% 1.95M 17h59m
 50800K .......... .......... .......... .......... ..........  0% 1.09M 17h58m
 50850K .......... .......... .......... .......... ..........  0%  173K 18h2m
 50900K .......... .......... .......... .......... ..........  0% 1.63M 18h1m
 50950K .......... .......... .......... .......... ..........  0% 1.79M 18h0m
 51000K .......... .......... .......... .......... ..........  0%  180K 18h4m
 51050K .......... .......... .......... .......... ..........  0% 1.02M 18h3m
 51100K .......... .......... .......... .......... ..........  0%  967K 18h3m
 51150K .......... .......... .......... .......... ..........  0% 1.16M 18h3m
 51200K .......... .......... .......... .......... ..........  0% 1.28M 18h2m
 51250K .......... .......... .......... .......... ..........  0% 2.56M 18h1m
 51300K .......... .......... .......... .......... ..........  0% 2.40M 18h1m
 51350K .......... .......... .......... .......... ..........  0% 1.97M 18h0m
 51400K .......... .......... .......... .......... ..........  0% 2.01M 17h59m
 51450K .......... .......... .......... .......... ..........  0% 3.21M 17h58m
 51500K .......... .......... .......... .......... ..........  0% 3.21M 17h58m
 51550K .......... .......... .......... .......... ..........  0% 3.00M 17h57m
 51600K .......... .......... .......... .......... ..........  0% 2.68M 17h56m
 51650K .......... .......... .......... .......... ..........  0% 3.16M 17h55m
 51700K .......... .......... .......... .......... ..........  0% 2.13M 17h55m
 51750K .......... .......... .......... .......... ..........  0% 3.04M 17h54m
 51800K .......... .......... .......... .......... ..........  0% 3.18M 17h53m
 51850K .......... .......... .......... .......... ..........  0% 3.94M 17h52m
 51900K .......... .......... .......... .......... ..........  0% 4.36M 17h51m
 51950K .......... .......... .......... .......... ..........  0% 4.54M 17h50m
 52000K .......... .......... .......... .......... ..........  0% 4.30M 17h49m
 52050K .......... .......... .......... .......... ..........  0% 2.35M 17h49m
 52100K .......... .......... .......... .......... ..........  0% 3.89M 17h48m
 52150K .......... .......... .......... .......... ..........  0% 4.57M 17h47m
 52200K .......... .......... .......... .......... ..........  0% 3.80M 17h46m
 52250K .......... .......... .......... .......... ..........  0% 3.95M 17h45m
 52300K .......... .......... .......... .......... ..........  0% 2.58M 17h45m
 52350K .......... .......... .......... .......... ..........  0% 1.99M 17h44m
 52400K .......... .......... .......... .......... ..........  0% 2.80M 17h43m
 52450K .......... .......... .......... .......... ..........  0% 3.70M 17h42m
 52500K .......... .......... .......... .......... ..........  0% 3.30M 17h42m
 52550K .......... .......... .......... .......... ..........  0% 2.98M 17h41m
 52600K .......... .......... .......... .......... ..........  0% 2.94M 17h40m
 52650K .......... .......... .......... .......... ..........  0% 1.93M 17h39m
 52700K .......... .......... .......... .......... ..........  0% 3.10M 17h39m
 52750K .......... .......... .......... .......... ..........  0% 3.84M 17h38m
 52800K .......... .......... .......... .......... ..........  0% 3.47M 17h37m
 52850K .......... .......... .......... .......... ..........  0% 3.93M 17h36m
 52900K .......... .......... .......... .......... ..........  0% 3.57M 17h35m
 52950K .......... .......... .......... .......... ..........  0% 3.89M 17h35m
 53000K .......... .......... .......... .......... ..........  0% 2.28M 17h34m
 53050K .......... .......... .......... .......... ..........  0% 4.39M 17h33m
 53100K .......... .......... .......... .......... ..........  0% 4.19M 17h32m
 53150K .......... .......... .......... .......... ..........  0% 4.65M 17h32m
 53200K .......... .......... .......... .......... ..........  0% 3.95M 17h31m
 53250K .......... .......... .......... .......... ..........  0% 4.59M 17h30m
 53300K .......... .......... .......... .......... ..........  0% 4.40M 17h29m
 53350K .......... .......... .......... .......... ..........  0% 3.78M 17h28m
 53400K .......... .......... .......... .......... ..........  0% 2.39M 17h28m
 53450K .......... .......... .......... .......... ..........  0% 4.17M 17h27m
 53500K .......... .......... .......... .......... ..........  0% 4.82M 17h26m
 53550K .......... .......... .......... .......... ..........  0% 4.77M 17h25m
 53600K .......... .......... .......... .......... ..........  0% 4.12M 17h24m
 53650K .......... .......... .......... .......... ..........  0% 4.72M 17h23m
 53700K .......... .......... .......... .......... ..........  0% 4.21M 17h23m
 53750K .......... .......... .......... .......... ..........  0%  183K 17h26m
 53800K .......... .......... .......... .......... ..........  0% 1.55M 17h25m
 53850K .......... .......... .......... .......... ..........  0% 1.56M 17h25m
 53900K .......... .......... .......... .......... ..........  0% 1.89M 17h24m
 53950K .......... .......... .......... .......... ..........  0% 2.47M 17h23m
 54000K .......... .......... .......... .......... ..........  0% 2.35M 17h23m
 54050K .......... .......... .......... .......... ..........  0% 2.01M 17h22m
 54100K .......... .......... .......... .......... ..........  0%  175K 17h25m
 54150K .......... .......... .......... .......... ..........  0% 1.10M 17h25m
 54200K .......... .......... .......... .......... ..........  0% 1.36M 17h25m
 54250K .......... .......... .......... .......... ..........  0% 1.87M 17h24m
 54300K .......... .......... .......... .......... ..........  0% 1.08M 17h24m
 54350K .......... .......... .......... .......... ..........  0% 1.64M 17h23m
 54400K .......... .......... .......... .......... ..........  0%  183K 17h26m
 54450K .......... .......... .......... .......... ..........  0%  760K 17h26m
 54500K .......... .......... .......... .......... ..........  0% 1.01M 17h26m
 54550K .......... .......... .......... .......... ..........  0% 1.42M 17h25m
 54600K .......... .......... .......... .......... ..........  0% 1.20M 17h25m
 54650K .......... .......... .......... .......... ..........  0% 1.32M 17h25m
 54700K .......... .......... .......... .......... ..........  0% 2.69M 17h24m
 54750K .......... .......... .......... .......... ..........  0% 2.01M 17h23m
 54800K .......... .......... .......... .......... ..........  0% 2.88M 17h23m
 54850K .......... .......... .......... .......... ..........  0% 3.17M 17h22m
 54900K .......... .......... .......... .......... ..........  0% 2.84M 17h21m
 54950K .......... .......... .......... .......... ..........  0% 3.05M 17h20m
 55000K .......... .......... .......... .......... ..........  0% 3.33M 17h20m
 55050K .......... .......... .......... .......... ..........  0% 2.09M 17h19m
 55100K .......... .......... .......... .......... ..........  0% 3.88M 17h18m
 55150K .......... .......... .......... .......... ..........  0% 3.97M 17h18m
 55200K .......... .......... .......... .......... ..........  0% 2.41M 17h17m
 55250K .......... .......... .......... .......... ..........  0% 2.80M 17h16m
 55300K .......... .......... .......... .......... ..........  0% 1.84M 17h16m
 55350K .......... .......... .......... .......... ..........  0% 2.67M 17h15m
 55400K .......... .......... .......... .......... ..........  0% 2.60M 17h14m
 55450K .......... .......... .......... .......... ..........  0% 3.13M 17h14m
 55500K .......... .......... .......... .......... ..........  0% 2.50M 17h13m
 55550K .......... .......... .......... .......... ..........  0% 2.90M 17h12m
 55600K .......... .......... .......... .......... ..........  0% 1.72M 17h12m
 55650K .......... .......... .......... .......... ..........  0% 2.84M 17h11m
 55700K .......... .......... .......... .......... ..........  0% 2.59M 17h10m
 55750K .......... .......... .......... .......... ..........  0% 3.16M 17h10m
 55800K .......... .......... .......... .......... ..........  0% 3.64M 17h9m
 55850K .......... .......... .......... .......... ..........  0% 2.37M 17h8m
 55900K .......... .......... .......... .......... ..........  0% 3.49M 17h8m
 55950K .......... .......... .......... .......... ..........  0% 4.32M 17h7m
 56000K .......... .......... .......... .......... ..........  0% 3.04M 17h6m
 56050K .......... .......... .......... .......... ..........  0% 4.22M 17h5m
 56100K .......... .......... .......... .......... ..........  0% 3.81M 17h5m
 56150K .......... .......... .......... .......... ..........  0% 4.28M 17h4m
 56200K .......... .......... .......... .......... ..........  0% 2.41M 17h3m
 56250K .......... .......... .......... .......... ..........  0% 4.46M 17h2m
 56300K .......... .......... .......... .......... ..........  0% 4.50M 17h2m
 56350K .......... .......... .......... .......... ..........  0% 4.48M 17h1m
 56400K .......... .......... .......... .......... ..........  0% 4.32M 17h0m
 56450K .......... .......... .......... .......... ..........  0% 5.03M 16h59m
 56500K .......... .......... .......... .......... ..........  0% 4.99M 16h59m
 56550K .......... .......... .......... .......... ..........  0% 5.60M 16h58m
 56600K .......... .......... .......... .......... ..........  0% 3.77M 16h57m
 56650K .......... .......... .......... .......... ..........  0% 2.69M 16h56m
 56700K .......... .......... .......... .......... ..........  0% 5.01M 16h56m
 56750K .......... .......... .......... .......... ..........  0% 4.97M 16h55m
 56800K .......... .......... .......... .......... ..........  0% 3.97M 16h54m
 56850K .......... .......... .......... .......... ..........  0% 4.86M 16h53m
 56900K .......... .......... .......... .......... ..........  0% 5.57M 16h53m
 56950K .......... .......... .......... .......... ..........  0% 5.43M 16h52m
 57000K .......... .......... .......... .......... ..........  0% 3.99M 16h51m
 57050K .......... .......... .......... .......... ..........  0% 5.33M 16h50m
 57100K .......... .......... .......... .......... ..........  0% 2.78M 16h50m
 57150K .......... .......... .......... .......... ..........  0% 5.68M 16h49m
 57200K .......... .......... .......... .......... ..........  0% 4.67M 16h48m
 57250K .......... .......... .......... .......... ..........  0% 5.01M 16h48m
 57300K .......... .......... .......... .......... ..........  0% 5.12M 16h47m
 57350K .......... .......... .......... .......... ..........  0% 5.48M 16h46m
 57400K .......... .......... .......... .......... ..........  0% 4.96M 16h45m
 57450K .......... .......... .......... .......... ..........  0% 5.34M 16h45m
 57500K .......... .......... .......... .......... ..........  0% 6.44M 16h44m
 57550K .......... .......... .......... .......... ..........  0% 5.18M 16h43m
 57600K .......... .......... .......... .......... ..........  0% 2.12M 16h43m
 57650K .......... .......... .......... .......... ..........  0% 6.24M 16h42m
 57700K .......... .......... .......... .......... ..........  0% 5.14M 16h41m
 57750K .......... .......... .......... .......... ..........  0% 5.17M 16h40m
 57800K .......... .......... .......... .......... ..........  0% 4.13M 16h40m
 57850K .......... .......... .......... .......... ..........  0% 5.85M 16h39m
 57900K .......... .......... .......... .......... ..........  0% 4.02M 16h38m
 57950K .......... .......... .......... .......... ..........  0% 4.98M 16h37m
 58000K .......... .......... .......... .......... ..........  0% 2.29M 16h37m
 58050K .......... .......... .......... .......... ..........  0% 4.17M 16h36m
 58100K .......... .......... .......... .......... ..........  0% 4.67M 16h35m
 58150K .......... .......... .......... .......... ..........  0% 4.55M 16h35m
 58200K .......... .......... .......... .......... ..........  0% 4.34M 16h34m
 58250K .......... .......... .......... .......... ..........  0% 4.60M 16h33m
 58300K .......... .......... .......... .......... ..........  0% 5.01M 16h33m
 58350K .......... .......... .......... .......... ..........  0% 3.84M 16h32m
 58400K .......... .......... .......... .......... ..........  0% 2.67M 16h31m
 58450K .......... .......... .......... .......... ..........  0% 4.28M 16h31m
 58500K .......... .......... .......... .......... ..........  0% 3.80M 16h30m
 58550K .......... .......... .......... .......... ..........  0% 5.00M 16h29m
 58600K .......... .......... .......... .......... ..........  0% 4.49M 16h28m
 58650K .......... .......... .......... .......... ..........  0% 4.93M 16h28m
 58700K .......... .......... .......... .......... ..........  0% 4.47M 16h27m
 58750K .......... .......... .......... .......... ..........  0% 4.67M 16h26m
 58800K .......... .......... .......... .......... ..........  0% 3.56M 16h26m
 58850K .......... .......... .......... .......... ..........  0% 2.57M 16h25m
 58900K .......... .......... .......... .......... ..........  0% 4.56M 16h24m
 58950K .......... .......... .......... .......... ..........  0% 4.81M 16h24m
 59000K .......... .......... .......... .......... ..........  0% 3.91M 16h23m
 59050K .......... .......... .......... .......... ..........  0% 5.95M 16h22m
 59100K .......... .......... .......... .......... ..........  0% 5.10M 16h22m
 59150K .......... .......... .......... .......... ..........  0% 4.61M 16h21m
 59200K .......... .......... .......... .......... ..........  0% 3.98M 16h20m
 59250K .......... .......... .......... .......... ..........  0% 5.64M 16h20m
 59300K .......... .......... .......... .......... ..........  0% 2.89M 16h19m
 59350K .......... .......... .......... .......... ..........  0% 5.26M 16h18m
 59400K .......... .......... .......... .......... ..........  0% 4.47M 16h18m
 59450K .......... .......... .......... .......... ..........  0% 6.24M 16h17m
 59500K .......... .......... .......... .......... ..........  0% 5.61M 16h16m
 59550K .......... .......... .......... .......... ..........  0% 5.45M 16h15m
 59600K .......... .......... .......... .......... ..........  0% 3.84M 16h15m
 59650K .......... .......... .......... .......... ..........  0% 5.17M 16h14m
 59700K .......... .......... .......... .......... ..........  0% 5.25M 16h13m
 59750K .......... .......... .......... .......... ..........  0% 2.71M 16h13m
 59800K .......... .......... .......... .......... ..........  0% 3.89M 16h12m
 59850K .......... .......... .......... .......... ..........  0% 4.67M 16h12m
 59900K .......... .......... .......... .......... ..........  0% 5.48M 16h11m
 59950K .......... .......... .......... .......... ..........  0% 5.40M 16h10m
 60000K .......... .......... .......... .......... ..........  0% 4.16M 16h9m
 60050K .......... .......... .......... .......... ..........  0% 4.01M 16h9m
 60100K .......... .......... .......... .......... ..........  0% 4.32M 16h8m
 60150K .......... .......... .......... .......... ..........  0% 4.49M 16h7m
 60200K .......... .......... .......... .......... ..........  0% 2.41M 16h7m
 60250K .......... .......... .......... .......... ..........  0% 4.68M 16h6m
 60300K .......... .......... .......... .......... ..........  0% 5.24M 16h6m
 60350K .......... .......... .......... .......... ..........  0% 5.31M 16h5m
 60400K .......... .......... .......... .......... ..........  0% 4.59M 16h4m
 60450K .......... .......... .......... .......... ..........  0% 5.31M 16h4m
 60500K .......... .......... .......... .......... ..........  0% 5.71M 16h3m
 60550K .......... .......... .......... .......... ..........  0% 6.16M 16h2m
 60600K .......... .......... .......... .......... ..........  0% 5.73M 16h2m
 60650K .......... .......... .......... .......... ..........  0% 7.66M 16h1m
 60700K .......... .......... .......... .......... ..........  0% 3.23M 16h0m
 60750K .......... .......... .......... .......... ..........  0% 5.68M 16h0m
 60800K .......... .......... .......... .......... ..........  0% 5.29M 15h59m
 60850K .......... .......... .......... .......... ..........  0% 2.89M 15h58m
 60900K .......... .......... .......... .......... ..........  0% 3.34M 15h58m
 60950K .......... .......... .......... .......... ..........  0% 5.38M 15h57m
 61000K .......... .......... .......... .......... ..........  0% 4.02M 15h56m
 61050K .......... .......... .......... .......... ..........  0% 4.76M 15h56m
 61100K .......... .......... .......... .......... ..........  0% 2.56M 15h55m
 61150K .......... .......... .......... .......... ..........  0% 4.57M 15h55m
 61200K .......... .......... .......... .......... ..........  0% 5.13M 15h54m
 61250K .......... .......... .......... .......... ..........  0% 4.72M 15h53m
 61300K .......... .......... .......... .......... ..........  0% 4.18M 15h53m
 61350K .......... .......... .......... .......... ..........  0% 5.73M 15h52m
 61400K .......... .......... .......... .......... ..........  0% 4.11M 15h51m
 61450K .......... .......... .......... .......... ..........  0% 4.81M 15h51m
 61500K .......... .......... .......... .......... ..........  0% 4.38M 15h50m
 61550K .......... .......... .......... .......... ..........  0% 2.62M 15h50m
 61600K .......... .......... .......... .......... ..........  0% 3.71M 15h49m
 61650K .......... .......... .......... .......... ..........  0% 5.04M 15h48m
 61700K .......... .......... .......... .......... ..........  0% 4.52M 15h48m
 61750K .......... .......... .......... .......... ..........  0%  179K 15h50m
 61800K .......... .......... .......... .......... ..........  0% 1.86M 15h50m
 61850K .......... .......... .......... .......... ..........  0% 2.36M 15h49m
 61900K .......... .......... .......... .......... ..........  0% 2.67M 15h49m
 61950K .......... .......... .......... .......... ..........  0% 1.68M 15h49m
 62000K .......... .......... .......... .......... ..........  0% 2.34M 15h48m
 62050K .......... .......... .......... .......... ..........  0% 2.78M 15h47m
 62100K .......... .......... .......... .......... ..........  0% 2.65M 15h47m
 62150K .......... .......... .......... .......... ..........  0% 2.77M 15h46m
 62200K .......... .......... .......... .......... ..........  0% 1.33M 15h46m
 62250K .......... .......... .......... .......... ..........  0% 3.31M 15h46m
 62300K .......... .......... .......... .......... ..........  0% 4.25M 15h45m
 62350K .......... .......... .......... .......... ..........  0% 3.03M 15h44m
 62400K .......... .......... .......... .......... ..........  0% 3.24M 15h44m
 62450K .......... .......... .......... .......... ..........  0% 2.36M 15h43m
 62500K .......... .......... .......... .......... ..........  0% 3.22M 15h43m
 62550K .......... .......... .......... .......... ..........  0% 3.21M 15h42m
 62600K .......... .......... .......... .......... ..........  0%  190K 15h45m
 62650K .......... .......... .......... .......... ..........  0% 1.24M 15h44m
 62700K .......... .......... .......... .......... ..........  0% 1.50M 15h44m
 62750K .......... .......... .......... .......... ..........  0% 1.42M 15h44m
 62800K .......... .......... .......... .......... ..........  0% 1.56M 15h43m
 62850K .......... .......... .......... .......... ..........  0% 2.13M 15h43m
 62900K .......... .......... .......... .......... ..........  0%  164K 15h46m
 62950K .......... .......... .......... .......... ..........  0% 1.17M 15h46m
 63000K .......... .......... .......... .......... ..........  0% 1.22M 15h46m
 63050K .......... .......... .......... .......... ..........  0% 1.78M 15h45m
 63100K .......... .......... .......... .......... ..........  0% 1.45M 15h45m
 63150K .......... .......... .......... .......... ..........  0% 1.38M 15h44m
 63200K .......... .......... .......... .......... ..........  0% 2.07M 15h44m
 63250K .......... .......... .......... .......... ..........  0% 2.49M 15h44m
 63300K .......... .......... .......... .......... ..........  0% 1.81M 15h43m
 63350K .......... .......... .......... .......... ..........  0% 2.89M 15h43m
 63400K .......... .......... .......... .......... ..........  0% 2.56M 15h42m
 63450K .......... .......... .......... .......... ..........  0% 3.05M 15h42m
 63500K .......... .......... .......... .......... ..........  0% 3.95M 15h41m
 63550K .......... .......... .......... .......... ..........  0% 3.28M 15h40m
 63600K .......... .......... .......... .......... ..........  0% 2.32M 15h40m
 63650K .......... .......... .......... .......... ..........  0% 3.59M 15h39m
 63700K .......... .......... .......... .......... ..........  0% 3.19M 15h39m
 63750K .......... .......... .......... .......... ..........  0% 3.12M 15h38m
 63800K .......... .......... .......... .......... ..........  0% 2.94M 15h38m
 63850K .......... .......... .......... .......... ..........  0% 3.12M 15h37m
 63900K .......... .......... .......... .......... ..........  0% 1.92M 15h37m
 63950K .......... .......... .......... .......... ..........  0% 3.01M 15h36m
 64000K .......... .......... .......... .......... ..........  0% 2.86M 15h36m
 64050K .......... .......... .......... .......... ..........  0% 2.47M 15h35m
 64100K .......... .......... .......... .......... ..........  0% 2.36M 15h35m
 64150K .......... .......... .......... .......... ..........  0% 1.56M 15h34m
 64200K .......... .......... .......... .......... ..........  0% 2.29M 15h34m
 64250K .......... .......... .......... .......... ..........  0% 2.70M 15h33m
 64300K .......... .......... .......... .......... ..........  0% 3.03M 15h33m
 64350K .......... .......... .......... .......... ..........  0% 2.56M 15h32m
 64400K .......... .......... .......... .......... ..........  0% 1.49M 15h32m
 64450K .......... .......... .......... .......... ..........  0% 3.33M 15h32m
 64500K .......... .......... .......... .......... ..........  0% 2.96M 15h31m
 64550K .......... .......... .......... .......... ..........  0% 2.36M 15h31m
 64600K .......... .......... .......... .......... ..........  0% 1.65M 15h30m
 64650K .......... .......... .......... .......... ..........  0% 3.05M 15h30m
 64700K .......... .......... .......... .......... ..........  0% 3.57M 15h29m
 64750K .......... .......... .......... .......... ..........  0% 3.75M 15h29m
 64800K .......... .......... .......... .......... ..........  0% 3.15M 15h28m
 64850K .......... .......... .......... .......... ..........  0% 3.72M 15h27m
 64900K .......... .......... .......... .......... ..........  0% 3.39M 15h27m
 64950K .......... .......... .......... .......... ..........  0% 2.48M 15h26m
 65000K .......... .......... .......... .......... ..........  0% 4.48M 15h26m
 65050K .......... .......... .......... .......... ..........  0% 4.44M 15h25m
 65100K .......... .......... .......... .......... ..........  0% 4.52M 15h25m
 65150K .......... .......... .......... .......... ..........  0% 4.14M 15h24m
 65200K .......... .......... .......... .......... ..........  0% 4.05M 15h24m
 65250K .......... .......... .......... .......... ..........  0% 4.86M 15h23m
 65300K .......... .......... .......... .......... ..........  0% 3.70M 15h22m
 65350K .......... .......... .......... .......... ..........  0% 2.13M 15h22m
 65400K .......... .......... .......... .......... ..........  0% 2.31M 15h22m
 65450K .......... .......... .......... .......... ..........  0% 2.66M 15h21m
 65500K .......... .......... .......... .......... ..........  0% 2.93M 15h21m
 65550K .......... .......... .......... .......... ..........  0% 3.34M 15h20m
 65600K .......... .......... .......... .......... ..........  0% 2.23M 15h20m
 65650K .......... .......... .......... .......... ..........  0% 3.94M 15h19m
 65700K .......... .......... .......... .......... ..........  0% 3.98M 15h18m
 65750K .......... .......... .......... .......... ..........  0% 4.55M 15h18m
 65800K .......... .......... .......... .......... ..........  0% 3.73M 15h17m
 65850K .......... .......... .......... .......... ..........  0% 3.93M 15h17m
 65900K .......... .......... .......... .......... ..........  0% 4.34M 15h16m
 65950K .......... .......... .......... .......... ..........  0% 4.88M 15h16m
 66000K .......... .......... .......... .......... ..........  0% 2.07M 15h15m
 66050K .......... .......... .......... .......... ..........  0% 4.53M 15h15m
 66100K .......... .......... .......... .......... ..........  0% 5.10M 15h14m
 66150K .......... .......... .......... .......... ..........  0% 4.40M 15h14m
 66200K .......... .......... .......... .......... ..........  0% 3.76M 15h13m
 66250K .......... .......... .......... .......... ..........  0% 4.35M 15h12m
 66300K .......... .......... .......... .......... ..........  0% 4.71M 15h12m
 66350K .......... .......... .......... .......... ..........  0% 2.24M 15h11m
 66400K .......... .......... .......... .......... ..........  0% 3.64M 15h11m
 66450K .......... .......... .......... .......... ..........  0% 4.22M 15h10m
 66500K .......... .......... .......... .......... ..........  0% 4.98M 15h10m
 66550K .......... .......... .......... .......... ..........  0% 3.88M 15h9m
 66600K .......... .......... .......... .......... ..........  0% 3.37M 15h9m
 66650K .......... .......... .......... .......... ..........  0% 4.13M 15h8m
 66700K .......... .......... .......... .......... ..........  0% 3.47M 15h8m
 66750K .......... .......... .......... .......... ..........  0% 2.60M 15h7m
 66800K .......... .......... .......... .......... ..........  0% 4.00M 15h7m
 66850K .......... .......... .......... .......... ..........  0% 4.99M 15h6m
 66900K .......... .......... .......... .......... ..........  0% 3.79M 15h6m
 66950K .......... .......... .......... .......... ..........  0% 4.54M 15h5m
 67000K .......... .......... .......... .......... ..........  0% 3.37M 15h5m
 67050K .......... .......... .......... .......... ..........  0%  211K 15h7m
 67100K .......... .......... .......... .......... ..........  0%  824K 15h7m
 67150K .......... .......... .......... .......... ..........  0% 1.72M 15h6m
 67200K .......... .......... .......... .......... ..........  0% 1.28M 15h6m
 67250K .......... .......... .......... .......... ..........  0% 2.27M 15h6m
 67300K .......... .......... .......... .......... ..........  0% 2.59M 15h5m
 67350K .......... .......... .......... .......... ..........  0% 2.39M 15h5m
 67400K .......... .......... .......... .......... ..........  0% 1.51M 15h4m
 67450K .......... .......... .......... .......... ..........  0% 2.45M 15h4m
 67500K .......... .......... .......... .......... ..........  0% 3.21M 15h4m
 67550K .......... .......... .......... .......... ..........  0% 2.76M 15h3m
 67600K .......... .......... .......... .......... ..........  0% 1.11M 15h3m
 67650K .......... .......... .......... .......... ..........  0% 3.69M 15h2m
 67700K .......... .......... .......... .......... ..........  0% 3.89M 15h2m
 67750K .......... .......... .......... .......... ..........  0% 4.03M 15h1m
 67800K .......... .......... .......... .......... ..........  0% 3.37M 15h1m
 67850K .......... .......... .......... .......... ..........  0% 4.27M 15h0m
 67900K .......... .......... .......... .......... ..........  0% 2.28M 15h0m
 67950K .......... .......... .......... .......... ..........  0% 3.94M 14h59m
 68000K .......... .......... .......... .......... ..........  0% 3.13M 14h59m
 68050K .......... .......... .......... .......... ..........  0% 4.36M 14h58m
 68100K .......... .......... .......... .......... ..........  0% 3.54M 14h58m
 68150K .......... .......... .......... .......... ..........  0% 3.24M 14h57m
 68200K .......... .......... .......... .......... ..........  0% 3.04M 14h57m
 68250K .......... .......... .......... .......... ..........  0% 2.07M 14h57m
 68300K .......... .......... .......... .......... ..........  0% 3.10M 14h56m
 68350K .......... .......... .......... .......... ..........  0% 3.44M 14h56m
 68400K .......... .......... .......... .......... ..........  0% 2.45M 14h55m
 68450K .......... .......... .......... .......... ..........  0% 3.04M 14h55m
 68500K .......... .......... .......... .......... ..........  0%  182K 14h57m
 68550K .......... .......... .......... .......... ..........  0% 1.62M 14h57m
 68600K .......... .......... .......... .......... ..........  0% 1.45M 14h57m
 68650K .......... .......... .......... .......... ..........  0% 2.58M 14h56m
 68700K .......... .......... .......... .......... ..........  0% 2.28M 14h56m
 68750K .......... .......... .......... .......... ..........  0% 2.93M 14h55m
 68800K .......... .......... .......... .......... ..........  0% 1.77M 14h55m
 68850K .......... .......... .......... .......... ..........  0% 2.46M 14h55m
 68900K .......... .......... .......... .......... ..........  0% 2.70M 14h54m
 68950K .......... .......... .......... .......... ..........  0% 1.84M 14h54m
 69000K .......... .......... .......... .......... ..........  0% 3.35M 14h53m
 69050K .......... .......... .......... .......... ..........  0% 1.63M 14h53m
 69100K .......... .......... .......... .......... ..........  0% 3.44M 14h52m
 69150K .......... .......... .......... .......... ..........  0% 4.15M 14h52m
 69200K .......... .......... .......... .......... ..........  0% 3.45M 14h51m
 69250K .......... .......... .......... .......... ..........  0% 4.40M 14h51m
 69300K .......... .......... .......... .......... ..........  0% 4.95M 14h50m
 69350K .......... .......... .......... .......... ..........  0% 4.23M 14h50m
 69400K .......... .......... .......... .......... ..........  0% 2.19M 14h49m
 69450K .......... .......... .......... .......... ..........  0% 4.50M 14h49m
 69500K .......... .......... .......... .......... ..........  0% 4.82M 14h48m
 69550K .......... .......... .......... .......... ..........  0% 5.29M 14h48m
 69600K .......... .......... .......... .......... ..........  0% 3.37M 14h47m
 69650K .......... .......... .......... .......... ..........  0%  168K 14h50m
 69700K .......... .......... .......... .......... ..........  0%  902K 14h50m
 69750K .......... .......... .......... .......... ..........  0% 1.58M 14h50m
 69800K .......... .......... .......... .......... ..........  0% 1.64M 14h50m
 69850K .......... .......... .......... .......... ..........  0% 1.91M 14h49m
 69900K .......... .......... .......... .......... ..........  0% 1.14M 14h49m
 69950K .......... .......... .......... .......... ..........  0% 2.59M 14h49m
 70000K .......... .......... .......... .......... ..........  0% 3.69M 14h48m
 70050K .......... .......... .......... .......... ..........  0% 4.75M 14h48m
 70100K .......... .......... .......... .......... ..........  0% 2.04M 14h47m
 70150K .......... .......... .......... .......... ..........  0% 2.65M 14h47m
 70200K .......... .......... .......... .......... ..........  0% 2.42M 14h46m
 70250K .......... .......... .......... .......... ..........  0% 2.80M 14h46m
 70300K .......... .......... .......... .......... ..........  0% 3.11M 14h46m
 70350K .......... .......... .......... .......... ..........  0% 4.09M 14h45m
 70400K .......... .......... .......... .......... ..........  0% 2.41M 14h45m
 70450K .......... .......... .......... .......... ..........  0% 4.28M 14h44m
 70500K .......... .......... .......... .......... ..........  0% 4.22M 14h44m
 70550K .......... .......... .......... .......... ..........  0% 4.61M 14h43m
 70600K .......... .......... .......... .......... ..........  0% 3.91M 14h43m
 70650K .......... .......... .......... .......... ..........  0% 4.27M 14h42m
 70700K .......... .......... .......... .......... ..........  0% 4.96M 14h42m
 70750K .......... .......... .......... .......... ..........  0% 4.90M 14h41m
 70800K .......... .......... .......... .......... ..........  0% 1.71M 14h41m
 70850K .......... .......... .......... .......... ..........  0% 4.26M 14h40m
 70900K .......... .......... .......... .......... ..........  0% 4.69M 14h40m
 70950K .......... .......... .......... .......... ..........  0% 5.12M 14h39m
 71000K .......... .......... .......... .......... ..........  0% 3.94M 14h39m
 71050K .......... .......... .......... .......... ..........  0% 4.88M 14h38m
 71100K .......... .......... .......... .......... ..........  0% 4.80M 14h38m
 71150K .......... .......... .......... .......... ..........  0% 4.62M 14h37m
 71200K .......... .......... .......... .......... ..........  0% 2.24M 14h37m
 71250K .......... .......... .......... .......... ..........  0% 4.27M 14h36m
 71300K .......... .......... .......... .......... ..........  0% 4.23M 14h36m
 71350K .......... .......... .......... .......... ..........  0% 4.03M 14h35m
 71400K .......... .......... .......... .......... ..........  0% 4.40M 14h35m
 71450K .......... .......... .......... .......... ..........  0% 4.88M 14h34m
 71500K .......... .......... .......... .......... ..........  0% 4.71M 14h34m
 71550K .......... .......... .......... .......... ..........  0% 4.03M 14h33m
 71600K .......... .......... .......... .......... ..........  0% 2.38M 14h33m
 71650K .......... .......... .......... .......... ..........  0% 4.55M 14h33m
 71700K .......... .......... .......... .......... ..........  0% 3.41M 14h32m
 71750K .......... .......... .......... .......... ..........  0% 3.18M 14h32m
 71800K .......... .......... .......... .......... ..........  0% 2.65M 14h31m
 71850K .......... .......... .......... .......... ..........  0% 2.90M 14h31m
 71900K .......... .......... .......... .......... ..........  0% 1.93M 14h31m
 71950K .......... .......... .......... .......... ..........  0% 3.56M 14h30m
 72000K .......... .......... .......... .......... ..........  0% 2.85M 14h30m
 72050K .......... .......... .......... .......... ..........  0% 3.10M 14h29m
 72100K .......... .......... .......... .......... ..........  0% 3.12M 14h29m
 72150K .......... .......... .......... .......... ..........  0% 3.25M 14h28m
 72200K .......... .......... .......... .......... ..........  0% 2.17M 14h28m
 72250K .......... .......... .......... .......... ..........  0% 4.20M 14h28m
 72300K .......... .......... .......... .......... ..........  0% 4.07M 14h27m
 72350K .......... .......... .......... .......... ..........  0% 4.27M 14h27m
 72400K .......... .......... .......... .......... ..........  0% 3.02M 14h26m
 72450K .......... .......... .......... .......... ..........  0% 4.05M 14h26m
 72500K .......... .......... .......... .......... ..........  0% 3.98M 14h25m
 72550K .......... .......... .......... .......... ..........  0% 2.09M 14h25m
 72600K .......... .......... .......... .......... ..........  0% 3.35M 14h24m
 72650K .......... .......... .......... .......... ..........  0% 4.08M 14h24m
 72700K .......... .......... .......... .......... ..........  0% 4.62M 14h23m
 72750K .......... .......... .......... .......... ..........  0% 4.69M 14h23m
 72800K .......... .......... .......... .......... ..........  0% 4.22M 14h23m
 72850K .......... .......... .......... .......... ..........  0% 4.24M 14h22m
 72900K .......... .......... .......... .......... ..........  0% 4.44M 14h22m
 72950K .......... .......... .......... .......... ..........  0%  212K 14h24m
 73000K .......... .......... .......... .......... ..........  0%  826K 14h24m
 73050K .......... .......... .......... .......... ..........  0% 1.25M 14h23m
 73100K .......... .......... .......... .......... ..........  0% 1.81M 14h23m
 73150K .......... .......... .......... .......... ..........  0% 2.05M 14h23m
 73200K .......... .......... .......... .......... ..........  0% 1.37M 14h23m
 73250K .......... .......... .......... .......... ..........  0%  174K 14h25m
 73300K .......... .......... .......... .......... ..........  0%  173K 14h28m
 73350K .......... .......... .......... .......... ..........  0%  160K 14h30m
 73400K .......... .......... .......... .......... ..........  0%  545K 14h31m
 73450K .......... .......... .......... .......... ..........  0%  742K 14h31m
 73500K .......... .......... .......... .......... ..........  0%  140K 14h34m
 73550K .......... .......... .......... .......... ..........  0%  600K 14h34m
 73600K .......... .......... .......... .......... ..........  0%  888K 14h34m
 73650K .......... .......... .......... .......... ..........  0%  202K 14h36m
 73700K .......... .......... .......... .......... ..........  0%  595K 14h37m
 73750K .......... .......... .......... .......... ..........  0% 1.30M 14h36m
 73800K .......... .......... .......... .......... ..........  0% 1.82M 14h36m
 73850K .......... .......... .......... .......... ..........  0% 1.98M 14h36m
 73900K .......... .......... .......... .......... ..........  0% 1.58M 14h36m
 73950K .......... .......... .......... .......... ..........  0% 1.86M 14h35m
 74000K .......... .......... .......... .......... ..........  0% 1.35M 14h35m
 74050K .......... .......... .......... .......... ..........  0% 2.31M 14h35m
 74100K .......... .......... .......... .......... ..........  0% 1.70M 14h34m
 74150K .......... .......... .......... .......... ..........  0%  191K 14h37m
 74200K .......... .......... .......... .......... ..........  0%  833K 14h37m
 74250K .......... .......... .......... .......... ..........  0% 97.3K 14h41m
 74300K .......... .......... .......... .......... ..........  0%  141K 14h45m
 74350K .......... .......... .......... .......... ..........  0%  166K 14h47m
 74400K .......... .......... .......... .......... ..........  0%  357K 14h48m
 74450K .......... .......... .......... .......... ..........  0%  599K 14h48m
 74500K .......... .......... .......... .......... ..........  0%  104K 14h53m
 74550K .......... .......... .......... .......... ..........  0%  386K 14h54m
 74600K .......... .......... .......... .......... ..........  0%  713K 14h54m
 74650K .......... .......... .......... .......... ..........  0%  982K 14h54m
 74700K .......... .......... .......... .......... ..........  0%  858K 14h54m
 74750K .......... .......... .......... .......... ..........  0%  869K 14h54m
 74800K .......... .......... .......... .......... ..........  0%  923K 14h54m
 74850K .......... .......... .......... .......... ..........  0% 1.01M 14h54m
 74900K .......... .......... .......... .......... ..........  0%  192K 14h56m
 74950K .......... .......... .......... .......... ..........  0%  580K 14h56m
 75000K .......... .......... .......... .......... ..........  0%  947K 14h56m
 75050K .......... .......... .......... .......... ..........  0%  168K 14h58m
 75100K .......... .......... .......... .......... ..........  0%  609K 14h59m
 75150K .......... .......... .......... .......... ..........  0%  176K 15h1m
 75200K .......... .......... .......... .......... ..........  0%  465K 15h2m
 75250K .......... .......... .......... .......... ..........  0%  157K 15h4m
 75300K .......... .......... .......... .......... ..........  0%  555K 15h5m
 75350K .......... .......... .......... .......... ..........  0%  161K 15h7m
 75400K .......... .......... .......... .......... ..........  0%  153K 15h10m
 75450K .......... .......... .......... .......... ..........  0%  634K 15h10m
 75500K .......... .......... .......... .......... ..........  0%  805K 15h10m
 75550K .......... .......... .......... .......... ..........  0%  165K 15h13m
 75600K .......... .......... .......... .......... ..........  0%  157K 15h16m
 75650K .......... .......... .......... .......... ..........  0%  661K 15h16m
 75700K .......... .......... .......... .......... ..........  0%  154K 15h19m
 75750K .......... .......... .......... .......... ..........  0%  152K 15h21m
 75800K .......... .......... .......... .......... ..........  0% 82.8K 15h27m
 75850K .......... .......... .......... .......... ..........  0%  577K 15h27m
 75900K .......... .......... .......... .......... ..........  0%  166K 15h30m
 75950K .......... .......... .......... .......... ..........  0%  135K 15h33m
 76000K .......... .......... .......... .......... ..........  0%  430K 15h34m
 76050K .......... .......... .......... .......... ..........  0%  673K 15h34m
 76100K .......... .......... .......... .......... ..........  0%  832K 15h34m
 76150K .......... .......... .......... .......... ..........  0%  858K 15h34m
 76200K .......... .......... .......... .......... ..........  0%  160K 15h36m
 76250K .......... .......... .......... .......... ..........  0%  873K 15h36m
 76300K .......... .......... .......... .......... ..........  0% 1.35M 15h36m
 76350K .......... .......... .......... .......... ..........  0% 1.15M 15h36m
 76400K .......... .......... .......... .......... ..........  0% 1.13M 15h36m
 76450K .......... .......... .......... .......... ..........  0% 1.46M 15h35m
 76500K .......... .......... .......... .......... ..........  0%  827K 15h35m
 76550K .......... .......... .......... .......... ..........  0% 1.46M 15h35m
 76600K .......... .......... .......... .......... ..........  0% 1.12M 15h35m
 76650K .......... .......... .......... .......... ..........  0% 1.22M 15h35m
 76700K .......... .......... .......... .......... ..........  0% 1.61M 15h34m
 76750K .......... .......... .......... .......... ..........  0% 1.26M 15h34m
 76800K .......... .......... .......... .......... ..........  0% 1.40M 15h34m
 76850K .......... .......... .......... .......... ..........  0% 1.80M 15h34m
 76900K .......... .......... .......... .......... ..........  0% 1.49M 15h33m
 76950K .......... .......... .......... .......... ..........  0%  206K 15h35m
 77000K .......... .......... .......... .......... ..........  0%  602K 15h36m
 77050K .......... .......... .......... .......... ..........  0% 1.34M 15h35m
 77100K .......... .......... .......... .......... ..........  0% 1.04M 15h35m
 77150K .......... .......... .......... .......... ..........  0% 1.31M 15h35m
 77200K .......... .......... .......... .......... ..........  0%  837K 15h35m
 77250K .......... .......... .......... .......... ..........  0% 1.25M 15h35m
 77300K .......... .......... .......... .......... ..........  0%  850K 15h35m
 77350K .......... .......... .......... .......... ..........  0% 1.28M 15h34m
 77400K .......... .......... .......... .......... ..........  0%  974K 15h34m
 77450K .......... .......... .......... .......... ..........  0% 1.36M 15h34m
 77500K .......... .......... .......... .......... ..........  0% 1.58M 15h34m
 77550K .......... .......... .......... .......... ..........  0% 1.23M 15h34m
 77600K .......... .......... .......... .......... ..........  0%  170K 15h36m
 77650K .......... .......... .......... .......... ..........  0%  176K 15h38m
 77700K .......... .......... .......... .......... ..........  0%  787K 15h38m
 77750K .......... .......... .......... .......... ..........  0%  163K 15h41m
 77800K .......... .......... .......... .......... ..........  0%  534K 15h41m
 77850K .......... .......... .......... .......... ..........  0%  868K 15h41m
 77900K .......... .......... .......... .......... ..........  0%  785K 15h41m
 77950K .......... .......... .......... .......... ..........  0%  188K 15h43m
 78000K .......... .......... .......... .......... ..........  0%  149K 15h46m
 78050K .......... .......... .......... .......... ..........  0%  639K 15h46m
 78100K .......... .......... .......... .......... ..........  0%  155K 15h49m
 78150K .......... .......... .......... .......... ..........  0%  512K 15h49m
 78200K .......... .......... .......... .......... ..........  0%  178K 15h51m
 78250K .......... .......... .......... .......... ..........  0%  593K 15h52m
 78300K .......... .......... .......... .......... ..........  0%  158K 15h54m
 78350K .......... .......... .......... .......... ..........  0%  859K 15h54m
 78400K .......... .......... .......... .......... ..........  0%  156K 15h57m
 78450K .......... .......... .......... .......... ..........  0%  148K 16h0m
 78500K .......... .......... .......... .......... ..........  0%  720K 16h0m
 78550K .......... .......... .......... .......... ..........  0%  746K 16h0m
 78600K .......... .......... .......... .......... ..........  0%  814K 16h0m
 78650K .......... .......... .......... .......... ..........  0%  168K 16h2m
 78700K .......... .......... .......... .......... ..........  0%  163K 16h4m
 78750K .......... .......... .......... .......... ..........  0%  627K 16h5m
 78800K .......... .......... .......... .......... ..........  0%  782K 16h5m
 78850K .......... .......... .......... .......... ..........  0%  162K 16h7m
 78900K .......... .......... .......... .......... ..........  0% 1004K 16h7m
 78950K .......... .......... .......... .......... ..........  0%  898K 16h7m
 79000K .......... .......... .......... .......... ..........  0%  594K 16h7m
 79050K .......... .......... .......... .......... ..........  0% 1.32M 16h7m
 79100K .......... .......... .......... .......... ..........  0% 1.18M 16h7m
 79150K .......... .......... .......... .......... ..........  0% 1.49M 16h6m
 79200K .......... .......... .......... .......... ..........  0% 1.40M 16h6m
 79250K .......... .......... .......... .......... ..........  0%  164K 16h9m
 79300K .......... .......... .......... .......... ..........  0%  776K 16h9m
 79350K .......... .......... .......... .......... ..........  0% 1.13M 16h8m
 79400K .......... .......... .......... .......... ..........  0%  867K 16h8m
 79450K .......... .......... .......... .......... ..........  0% 1.28M 16h8m
 79500K .......... .......... .......... .......... ..........  0%  877K 16h8m
 79550K .......... .......... .......... .......... ..........  0% 1.51M 16h8m
 79600K .......... .......... .......... .......... ..........  0%  168K 16h10m
 79650K .......... .......... .......... .......... ..........  0%  144K 16h13m
 79700K .......... .......... .......... .......... ..........  0%  650K 16h13m
 79750K .......... .......... .......... .......... ..........  0%  654K 16h13m
 79800K .......... .......... .......... .......... ..........  0%  562K 16h14m
 79850K .......... .......... .......... .......... ..........  0% 1.41M 16h13m
 79900K .......... .......... .......... .......... ..........  0%  195K 16h15m
 79950K .......... .......... .......... .......... ..........  0%  154K 16h18m
 80000K .......... .......... .......... .......... ..........  0%  148K 16h20m
 80050K .......... .......... .......... .......... ..........  0%  715K 16h21m
 80100K .......... .......... .......... .......... ..........  0%  621K 16h21m
 80150K .......... .......... .......... .......... ..........  0%  739K 16h21m
 80200K .......... .......... .......... .......... ..........  0% 1.55M 16h20m
 80250K .......... .......... .......... .......... ..........  0% 1.90M 16h20m
 80300K .......... .......... .......... .......... ..........  0% 1.57M 16h20m
 80350K .......... .......... .......... .......... ..........  0% 1.98M 16h19m
 80400K .......... .......... .......... .......... ..........  0% 1.89M 16h19m
 80450K .......... .......... .......... .......... ..........  0% 2.29M 16h19m
 80500K .......... .......... .......... .......... ..........  0% 1.37M 16h18m
 80550K .......... .......... .......... .......... ..........  0%  204K 16h20m
 80600K .......... .......... .......... .......... ..........  0%  572K 16h20m
 80650K .......... .......... .......... .......... ..........  0% 1.03M 16h20m
 80700K .......... .......... .......... .......... ..........  0%  163K 16h23m
 80750K .......... .......... .......... .......... ..........  0%  902K 16h23m
 80800K .......... .......... .......... .......... ..........  0%  152K 16h25m
 80850K .......... .......... .......... .......... ..........  0%  167K 16h27m
 80900K .......... .......... .......... .......... ..........  0%  487K 16h28m
 80950K .......... .......... .......... .......... ..........  0%  159K 16h30m
 81000K .......... .......... .......... .......... ..........  0%  434K 16h31m
 81050K .......... .......... .......... .......... ..........  0% 1.17M 16h31m
 81100K .......... .......... .......... .......... ..........  0%  186K 16h33m
 81150K .......... .......... .......... .......... ..........  0%  561K 16h33m
 81200K .......... .......... .......... .......... ..........  0%  716K 16h33m
 81250K .......... .......... .......... .......... ..........  0%  158K 16h35m
 81300K .......... .......... .......... .......... ..........  0%  786K 16h35m
 81350K .......... .......... .......... .......... ..........  0%  932K 16h35m
 81400K .......... .......... .......... .......... ..........  0% 1.04M 16h35m
 81450K .......... .......... .......... .......... ..........  0% 1.05M 16h35m
 81500K .......... .......... .......... .......... ..........  0%  183K 16h37m
 81550K .......... .......... .......... .......... ..........  0%  621K 16h37m
 81600K .......... .......... .......... .......... ..........  0%  667K 16h37m
 81650K .......... .......... .......... .......... ..........  0% 1.29M 16h37m
 81700K .......... .......... .......... .......... ..........  0%  953K 16h37m
 81750K .......... .......... .......... .......... ..........  0%  861K 16h37m
 81800K .......... .......... .......... .......... ..........  0% 1.24M 16h37m
 81850K .......... .......... .......... .......... ..........  0% 1.46M 16h36m
 81900K .......... .......... .......... .......... ..........  0% 1.20M 16h36m
 81950K .......... .......... .......... .......... ..........  0%  170K 16h38m
 82000K .......... .......... .......... .......... ..........  0%  969K 16h38m
 82050K .......... .......... .......... .......... ..........  0% 83.2K 16h43m
 82100K .......... .......... .......... .......... ..........  0%  595K 16h43m
 82150K .......... .......... .......... .......... ..........  0%  597K 16h44m
 82200K .......... .......... .......... .......... ..........  0%  644K 16h44m
 82250K .......... .......... .......... .......... ..........  0% 1.03M 16h44m
 82300K .......... .......... .......... .......... ..........  0%  956K 16h43m
 82350K .......... .......... .......... .......... ..........  0%  152K 16h46m
 82400K .......... .......... .......... .......... ..........  0%  771K 16h46m
 82450K .......... .......... .......... .......... ..........  0%  704K 16h46m
 82500K .......... .......... .......... .......... ..........  0%  860K 16h46m
 82550K .......... .......... .......... .......... ..........  0%  892K 16h46m
 82600K .......... .......... .......... .......... ..........  0% 1.04M 16h46m
 82650K .......... .......... .......... .......... ..........  0% 1.62M 16h45m
 82700K .......... .......... .......... .......... ..........  0% 1.70M 16h45m
 82750K .......... .......... .......... .......... ..........  0% 1.19M 16h45m
 82800K .......... .......... .......... .......... ..........  0% 1.46M 16h45m
 82850K .......... .......... .......... .......... ..........  0% 1.38M 16h44m
 82900K .......... .......... .......... .......... ..........  0% 94.7K 16h49m
 82950K .......... .......... .......... .......... ..........  0%  853K 16h49m
 83000K .......... .......... .......... .......... ..........  0%  797K 16h49m
 83050K .......... .......... .......... .......... ..........  0%  179K 16h51m
 83100K .......... .......... .......... .......... ..........  0%  451K 16h51m
 83150K .......... .......... .......... .......... ..........  0%  159K 16h53m
 83200K .......... .......... .......... .......... ..........  0%  151K 16h56m
 83250K .......... .......... .......... .......... ..........  0%  564K 16h56m
 83300K .......... .......... .......... .......... ..........  0%  688K 16h56m
 83350K .......... .......... .......... .......... ..........  0%  806K 16h56m
 83400K .......... .......... .......... .......... ..........  0%  570K 16h56m
 83450K .......... .......... .......... .......... ..........  0% 1.01M 16h56m
 83500K .......... .......... .......... .......... ..........  0% 1.35M 16h56m
 83550K .......... .......... .......... .......... ..........  0%  164K 16h58m
 83600K .......... .......... .......... .......... ..........  0%  538K 16h59m
 83650K .......... .......... .......... .......... ..........  0%  627K 16h59m
 83700K .......... .......... .......... .......... ..........  0%  669K 16h59m
 83750K .......... .......... .......... .......... ..........  0% 1.39M 16h59m
 83800K .......... .......... .......... .......... ..........  0% 1.06M 16h58m
 83850K .......... .......... .......... .......... ..........  0% 1.23M 16h58m
 83900K .......... .......... .......... .......... ..........  0%  195K 17h0m
 83950K .......... .......... .......... .......... ..........  0%  653K 17h0m
 84000K .......... .......... .......... .......... ..........  0% 1.02M 17h0m
 84050K .......... .......... .......... .......... ..........  0% 1.38M 17h0m
 84100K .......... .......... .......... .......... ..........  0% 1.13M 16h59m
 84150K .......... .......... .......... .......... ..........  0% 1.47M 16h59m
 84200K .......... .......... .......... .......... ..........  0%  164K 17h1m
 84250K .......... .......... .......... .......... ..........  0%  746K 17h1m
 84300K .......... .......... .......... .......... ..........  0% 1.33M 17h1m
 84350K .......... .......... .......... .......... ..........  0% 1.42M 17h1m
 84400K .......... .......... .......... .......... ..........  0%  994K 17h1m
 84450K .......... .......... .......... .......... ..........  0%  165K 17h3m
 84500K .......... .......... .......... .......... ..........  0%  803K 17h3m
 84550K .......... .......... .......... .......... ..........  0% 1.27M 17h3m
 84600K .......... .......... .......... .......... ..........  0% 1.19M 17h2m
 84650K .......... .......... .......... .......... ..........  0% 1.08M 17h2m
 84700K .......... .......... .......... .......... ..........  0% 1015K 17h2m
 84750K .......... .......... .......... .......... ..........  0% 1.16M 17h2m
 84800K .......... .......... .......... .......... ..........  0% 1.21M 17h2m
 84850K .......... .......... .......... .......... ..........  0% 1.27M 17h1m
 84900K .......... .......... .......... .......... ..........  0% 2.29M 17h1m
 84950K .......... .......... .......... .......... ..........  0% 2.30M 17h0m
 85000K .......... .......... .......... .......... ..........  0% 1.66M 17h0m
 85050K .......... .......... .......... .......... ..........  0% 1.46M 17h0m
 85100K .......... .......... .......... .......... ..........  0% 1.58M 17h0m
 85150K .......... .......... .......... .......... ..........  0% 1.58M 16h59m
 85200K .......... .......... .......... .......... ..........  0% 1.13M 16h59m
 85250K .......... .......... .......... .......... ..........  0% 1.69M 16h59m
 85300K .......... .......... .......... .......... ..........  0% 1.56M 16h58m
 85350K .......... .......... .......... .......... ..........  0% 1.23M 16h58m
 85400K .......... .......... .......... .......... ..........  0% 1.31M 16h58m
 85450K .......... .......... .......... .......... ..........  0% 1.54M 16h58m
 85500K .......... .......... .......... .......... ..........  0% 1.45M 16h57m
 85550K .......... .......... .......... .......... ..........  0%  187K 16h59m
 85600K .......... .......... .......... .......... ..........  0%  932K 16h59m
 85650K .......... .......... .......... .......... ..........  0% 1.45M 16h59m
 85700K .......... .......... .......... .......... ..........  0% 1.22M 16h59m
 85750K .......... .......... .......... .......... ..........  0% 1.52M 16h58m
 85800K .......... .......... .......... .......... ..........  0% 1.28M 16h58m
 85850K .......... .......... .......... .......... ..........  0% 1.31M 16h58m
 85900K .......... .......... .......... .......... ..........  0% 1.33M 16h57m
 85950K .......... .......... .......... .......... ..........  0% 1.98M 16h57m
 86000K .......... .......... .......... .......... ..........  0% 1.43M 16h57m
 86050K .......... .......... .......... .......... ..........  0% 1.84M 16h56m
 86100K .......... .......... .......... .......... ..........  0% 2.06M 16h56m
 86150K .......... .......... .......... .......... ..........  0% 1.90M 16h56m
 86200K .......... .......... .......... .......... ..........  0% 1.23M 16h56m
 86250K .......... .......... .......... .......... ..........  0% 2.19M 16h55m
 86300K .......... .......... .......... .......... ..........  0%  207K 16h57m
 86350K .......... .......... .......... .......... ..........  0%  664K 16h57m
 86400K .......... .......... .......... .......... ..........  0%  880K 16h57m
 86450K .......... .......... .......... .......... ..........  0% 1.25M 16h57m
 86500K .......... .......... .......... .......... ..........  0% 1.17M 16h56m
 86550K .......... .......... .......... .......... ..........  0%  162K 16h59m
 86600K .......... .......... .......... .......... ..........  0%  160K 17h1m
 86650K .......... .......... .......... .......... ..........  0% 1.09M 17h1m
 86700K .......... .......... .......... .......... ..........  0%  917K 17h0m
 86750K .......... .......... .......... .......... ..........  0% 1.22M 17h0m
 86800K .......... .......... .......... .......... ..........  0%  161K 17h2m
 86850K .......... .......... .......... .......... ..........  0%  668K 17h3m
 86900K .......... .......... .......... .......... ..........  0% 1.11M 17h2m
 86950K .......... .......... .......... .......... ..........  0%  978K 17h2m
 87000K .......... .......... .......... .......... ..........  0% 1.08M 17h2m
 87050K .......... .......... .......... .......... ..........  0% 1.08M 17h2m
 87100K .......... .......... .......... .......... ..........  0% 1.19M 17h2m
 87150K .......... .......... .......... .......... ..........  0% 1.40M 17h1m
 87200K .......... .......... .......... .......... ..........  0% 1.45M 17h1m
 87250K .......... .......... .......... .......... ..........  0% 1.28M 17h1m
 87300K .......... .......... .......... .......... ..........  0% 1.27M 17h1m
 87350K .......... .......... .......... .......... ..........  0% 1.69M 17h0m
 87400K .......... .......... .......... .......... ..........  0% 1.68M 17h0m
 87450K .......... .......... .......... .......... ..........  0% 1.60M 17h0m
 87500K .......... .......... .......... .......... ..........  0% 2.04M 16h59m
 87550K .......... .......... .......... .......... ..........  0% 2.17M 16h59m
 87600K .......... .......... .......... .......... ..........  0% 1.72M 16h59m
 87650K .......... .......... .......... .......... ..........  0% 1.50M 16h58m
 87700K .......... .......... .......... .......... ..........  0%  211K 17h0m
 87750K .......... .......... .......... .......... ..........  0%  155K 17h2m
 87800K .......... .......... .......... .......... ..........  0%  815K 17h2m
 87850K .......... .......... .......... .......... ..........  0% 1.24M 17h2m
 87900K .......... .......... .......... .......... ..........  0%  976K 17h2m
 87950K .......... .......... .......... .......... ..........  0%  947K 17h2m
 88000K .......... .......... .......... .......... ..........  0%  831K 17h2m
 88050K .......... .......... .......... .......... ..........  0%  147K 17h4m
 88100K .......... .......... .......... .......... ..........  0%  188K 17h6m
 88150K .......... .......... .......... .......... ..........  0%  155K 17h8m
 88200K .......... .......... .......... .......... ..........  0%  597K 17h8m
 88250K .......... .......... .......... .......... ..........  0%  893K 17h8m
 88300K .......... .......... .......... .......... ..........  0%  989K 17h8m
 88350K .......... .......... .......... .......... ..........  0%  793K 17h8m
 88400K .......... .......... .......... .......... ..........  0% 1005K 17h8m
 88450K .......... .......... .......... .......... ..........  0% 1.31M 17h8m
 88500K .......... .......... .......... .......... ..........  0% 1.91M 17h7m
 88550K .......... .......... .......... .......... ..........  0% 2.20M 17h7m
 88600K .......... .......... .......... .......... ..........  0% 2.08M 17h7m
 88650K .......... .......... .......... .......... ..........  0% 1.93M 17h6m
 88700K .......... .......... .......... .......... ..........  0% 2.08M 17h6m
 88750K .......... .......... .......... .......... ..........  0% 2.10M 17h5m
 88800K .......... .......... .......... .......... ..........  0% 1.72M 17h5m
 88850K .......... .......... .......... .......... ..........  0% 1.46M 17h5m
 88900K .......... .......... .......... .......... ..........  0% 1.75M 17h4m
 88950K .......... .......... .......... .......... ..........  0%  200K 17h6m
 89000K .......... .......... .......... .......... ..........  0%  550K 17h6m
 89050K .......... .......... .......... .......... ..........  0%  930K 17h6m
 89100K .......... .......... .......... .......... ..........  0% 1.27M 17h6m
 89150K .......... .......... .......... .......... ..........  0% 1.03M 17h6m
 89200K .......... .......... .......... .......... ..........  0%  194K 17h8m
 89250K .......... .......... .......... .......... ..........  0%  331K 17h8m
 89300K .......... .......... .......... .......... ..........  0% 1.43M 17h8m
 89350K .......... .......... .......... .......... ..........  0% 1.25M 17h8m
 89400K .......... .......... .......... .......... ..........  0% 1.57M 17h7m
 89450K .......... .......... .......... .......... ..........  0% 2.32M 17h7m
 89500K .......... .......... .......... .......... ..........  0%  209K 17h9m
 89550K .......... .......... .......... .......... ..........  0%  621K 17h9m
 89600K .......... .......... .......... .......... ..........  0% 1.18M 17h9m
 89650K .......... .......... .......... .......... ..........  0% 1.69M 17h8m
 89700K .......... .......... .......... .......... ..........  0% 2.18M 17h8m
 89750K .......... .......... .......... .......... ..........  0% 1.58M 17h8m
 89800K .......... .......... .......... .......... ..........  0% 1.74M 17h7m
 89850K .......... .......... .......... .......... ..........  0% 1.67M 17h7m
 89900K .......... .......... .......... .......... ..........  0%  181K 17h9m
 89950K .......... .......... .......... .......... ..........  0% 2.03M 17h8m
 90000K .......... .......... .......... .......... ..........  0% 1.69M 17h8m
 90050K .......... .......... .......... .......... ..........  0% 1.44M 17h8m
 90100K .......... .......... .......... .......... ..........  0% 2.03M 17h7m
 90150K .......... .......... .......... .......... ..........  0% 1.63M 17h7m
 90200K .......... .......... .......... .......... ..........  0% 1.48M 17h7m
 90250K .......... .......... .......... .......... ..........  0% 2.49M 17h6m
 90300K .......... .......... .......... .......... ..........  0% 2.51M 17h6m
 90350K .......... .......... .......... .......... ..........  0% 2.50M 17h6m
 90400K .......... .......... .......... .......... ..........  0% 1.47M 17h5m
 90450K .......... .......... .......... .......... ..........  0% 2.50M 17h5m
 90500K .......... .......... .......... .......... ..........  0% 2.39M 17h5m
 90550K .......... .......... .......... .......... ..........  0% 2.71M 17h4m
 90600K .......... .......... .......... .......... ..........  0% 2.24M 17h4m
 90650K .......... .......... .......... .......... ..........  0% 1.87M 17h3m
 90700K .......... .......... .......... .......... ..........  0% 2.48M 17h3m
 90750K .......... .......... .......... .......... ..........  0% 2.97M 17h3m
 90800K .......... .......... .......... .......... ..........  0%  178K 17h4m
 90850K .......... .......... .......... .......... ..........  0% 2.70M 17h4m
 90900K .......... .......... .......... .......... ..........  0% 3.16M 17h4m
 90950K .......... .......... .......... .......... ..........  0% 3.62M 17h3m
 91000K .......... .......... .......... .......... ..........  0% 3.50M 17h3m
 91050K .......... .......... .......... .......... ..........  0% 99.8K 17h6m
 91100K .......... .......... .......... .......... ..........  0%  683K 17h7m
 91150K .......... .......... .......... .......... ..........  0% 1.09M 17h6m
 91200K .......... .......... .......... .......... ..........  0%  831K 17h6m
 91250K .......... .......... .......... .......... ..........  0%  986K 17h6m
 91300K .......... .......... .......... .......... ..........  0% 1.60M 17h6m
 91350K .......... .......... .......... .......... ..........  0% 3.93M 17h5m
 91400K .......... .......... .......... .......... ..........  0% 3.42M 17h5m
 91450K .......... .......... .......... .......... ..........  0% 3.77M 17h5m
 91500K .......... .......... .......... .......... ..........  0% 2.37M 17h4m
 91550K .......... .......... .......... .......... ..........  0% 3.43M 17h4m
 91600K .......... .......... .......... .......... ..........  0% 3.15M 17h3m
 91650K .......... .......... .......... .......... ..........  0% 4.31M 17h3m
 91700K .......... .......... .......... .......... ..........  0% 3.60M 17h2m
 91750K .......... .......... .......... .......... ..........  0% 3.62M 17h2m
 91800K .......... .......... .......... .......... ..........  0% 1.97M 17h2m
 91850K .......... .......... .......... .......... ..........  0% 4.42M 17h1m
 91900K .......... .......... .......... .......... ..........  0% 5.15M 17h1m
 91950K .......... .......... .......... .......... ..........  0%  193K 17h2m
 92000K .......... .......... .......... .......... ..........  0% 1.14M 17h2m
 92050K .......... .......... .......... .......... ..........  0% 2.15M 17h2m
 92100K .......... .......... .......... .......... ..........  0% 2.38M 17h1m
 92150K .......... .......... .......... .......... ..........  0% 2.18M 17h1m
 92200K .......... .......... .......... .......... ..........  0% 1.08M 17h1m
 92250K .......... .......... .......... .......... ..........  0% 4.16M 17h0m
 92300K .......... .......... .......... .......... ..........  0% 4.96M 17h0m
 92350K .......... .......... .......... .......... ..........  0% 5.28M 16h59m
 92400K .......... .......... .......... .......... ..........  0% 4.00M 16h59m
 92450K .......... .......... .......... .......... ..........  0% 4.27M 16h59m
 92500K .......... .......... .......... .......... ..........  0% 2.15M 16h58m
 92550K .......... .......... .......... .......... ..........  0% 3.90M 16h58m
 92600K .......... .......... .......... .......... ..........  0% 3.47M 16h57m
 92650K .......... .......... .......... .......... ..........  0% 3.58M 16h57m
 92700K .......... .......... .......... .......... ..........  0% 3.79M 16h56m
 92750K .......... .......... .......... .......... ..........  0% 3.21M 16h56m
 92800K .......... .......... .......... .......... ..........  0% 1.75M 16h56m
 92850K .......... .......... .......... .......... ..........  0% 3.33M 16h55m
 92900K .......... .......... .......... .......... ..........  0% 4.06M 16h55m
 92950K .......... .......... .......... .......... ..........  0% 3.85M 16h54m
 93000K .......... .......... .......... .......... ..........  0% 2.77M 16h54m
 93050K .......... .......... .......... .......... ..........  0% 3.47M 16h54m
 93100K .......... .......... .......... .......... ..........  0% 2.21M 16h53m
 93150K .......... .......... .......... .......... ..........  0% 3.10M 16h53m
 93200K .......... .......... .......... .......... ..........  0% 2.84M 16h52m
 93250K .......... .......... .......... .......... ..........  0% 3.41M 16h52m
 93300K .......... .......... .......... .......... ..........  0% 3.48M 16h52m
 93350K .......... .......... .......... .......... ..........  0% 2.76M 16h51m
 93400K .......... .......... .......... .......... ..........  0%  173K 16h53m
 93450K .......... .......... .......... .......... ..........  0% 1.36M 16h53m
 93500K .......... .......... .......... .......... ..........  0% 1.66M 16h52m
 93550K .......... .......... .......... .......... ..........  0% 1.82M 16h52m
 93600K .......... .......... .......... .......... ..........  0% 1.73M 16h52m
 93650K .......... .......... .......... .......... ..........  0% 1.98M 16h52m
 93700K .......... .......... .......... .......... ..........  0% 1.77M 16h51m
 93750K .......... .......... .......... .......... ..........  0% 4.01M 16h51m
 93800K .......... .......... .......... .......... ..........  0% 3.72M 16h50m
 93850K .......... .......... .......... .......... ..........  0% 4.07M 16h50m
 93900K .......... .......... .......... .......... ..........  0% 2.75M 16h50m
 93950K .......... .......... .......... .......... ..........  0% 3.41M 16h49m
 94000K .......... .......... .......... .......... ..........  0% 2.50M 16h49m
 94050K .......... .......... .......... .......... ..........  0% 5.04M 16h48m
 94100K .......... .......... .......... .......... ..........  0% 4.95M 16h48m
 94150K .......... .......... .......... .......... ..........  0% 4.91M 16h47m
 94200K .......... .......... .......... .......... ..........  0% 3.96M 16h47m
 94250K .......... .......... .......... .......... ..........  0% 3.76M 16h47m
 94300K .......... .......... .......... .......... ..........  0% 2.70M 16h46m
 94350K .......... .......... .......... .......... ..........  0%  212K 16h48m
 94400K .......... .......... .......... .......... ..........  0%  943K 16h47m
 94450K .......... .......... .......... .......... ..........  0% 1.75M 16h47m
 94500K .......... .......... .......... .......... ..........  0% 2.80M 16h47m
 94550K .......... .......... .......... .......... ..........  0% 3.73M 16h46m
 94600K .......... .......... .......... .......... ..........  0% 3.48M 16h46m
 94650K .......... .......... .......... .......... ..........  0% 3.56M 16h46m
 94700K .......... .......... .......... .......... ..........  0% 2.08M 16h45m
 94750K .......... .......... .......... .......... ..........  0% 3.31M 16h45m
 94800K .......... .......... .......... .......... ..........  0% 3.10M 16h44m
 94850K .......... .......... .......... .......... ..........  0% 4.01M 16h44m
 94900K .......... .......... .......... .......... ..........  0% 3.90M 16h43m
 94950K .......... .......... .......... .......... ..........  0% 1.94M 16h43m
 95000K .......... .......... .......... .......... ..........  0% 2.63M 16h43m
 95050K .......... .......... .......... .......... ..........  0% 5.43M 16h42m
 95100K .......... .......... .......... .......... ..........  0% 5.58M 16h42m
 95150K .......... .......... .......... .......... ..........  0% 4.88M 16h41m
 95200K .......... .......... .......... .......... ..........  0% 3.47M 16h41m
 95250K .......... .......... .......... .......... ..........  0% 5.55M 16h41m
 95300K .......... .......... .......... .......... ..........  0% 4.76M 16h40m
 95350K .......... .......... .......... .......... ..........  0% 4.65M 16h40m
 95400K .......... .......... .......... .......... ..........  0% 4.22M 16h39m
 95450K .......... .......... .......... .......... ..........  0% 2.41M 16h39m
 95500K .......... .......... .......... .......... ..........  0% 3.33M 16h39m
 95550K .......... .......... .......... .......... ..........  0% 4.45M 16h38m
 95600K .......... .......... .......... .......... ..........  0% 2.73M 16h38m
 95650K .......... .......... .......... .......... ..........  0% 4.54M 16h37m
 95700K .......... .......... .......... .......... ..........  0%  219K 16h39m
 95750K .......... .......... .......... .......... ..........  0%  174K 16h40m
 95800K .......... .......... .......... .......... ..........  0%  629K 16h41m
 95850K .......... .......... .......... .......... ..........  0%  813K 16h41m
 95900K .......... .......... .......... .......... ..........  0% 2.02M 16h40m
 95950K .......... .......... .......... .......... ..........  0% 2.93M 16h40m
 96000K .......... .......... .......... .......... ..........  0% 3.31M 16h39m
 96050K .......... .......... .......... .......... ..........  0% 3.87M 16h39m
 96100K .......... .......... .......... .......... ..........  0% 1.84M 16h39m
 96150K .......... .......... .......... .......... ..........  0%  178K 16h40m
 96200K .......... .......... .......... .......... ..........  0% 1.24M 16h40m
 96250K .......... .......... .......... .......... ..........  0% 2.11M 16h40m
 96300K .......... .......... .......... .......... ..........  0% 2.67M 16h40m
 96350K .......... .......... .......... .......... ..........  0% 2.85M 16h39m
 96400K .......... .......... .......... .......... ..........  0% 1.67M 16h39m
 96450K .......... .......... .......... .......... ..........  0% 2.44M 16h39m
 96500K .......... .......... .......... .......... ..........  0% 2.72M 16h38m
 96550K .......... .......... .......... .......... ..........  0% 2.76M 16h38m
 96600K .......... .......... .......... .......... ..........  0% 1.27M 16h38m
 96650K .......... .......... .......... .......... ..........  0% 2.91M 16h37m
 96700K .......... .......... .......... .......... ..........  0% 3.16M 16h37m
 96750K .......... .......... .......... .......... ..........  0% 3.65M 16h36m
 96800K .......... .......... .......... .......... ..........  0% 3.33M 16h36m
 96850K .......... .......... .......... .......... ..........  0% 4.12M 16h36m
 96900K .......... .......... .......... .......... ..........  0% 2.35M 16h35m
 96950K .......... .......... .......... .......... ..........  0% 3.67M 16h35m
 97000K .......... .......... .......... .......... ..........  0% 3.49M 16h34m
 97050K .......... .......... .......... .......... ..........  0% 4.03M 16h34m
 97100K .......... .......... .......... .......... ..........  0% 3.74M 16h34m
 97150K .......... .......... .......... .......... ..........  0% 3.68M 16h33m
 97200K .......... .......... .......... .......... ..........  0% 3.03M 16h33m
 97250K .......... .......... .......... .......... ..........  0% 2.35M 16h33m
 97300K .......... .......... .......... .......... ..........  0% 3.44M 16h32m
 97350K .......... .......... .......... .......... ..........  0% 3.44M 16h32m
 97400K .......... .......... .......... .......... ..........  0% 3.05M 16h31m
 97450K .......... .......... .......... .......... ..........  0% 3.25M 16h31m
 97500K .......... .......... .......... .......... ..........  0% 3.37M 16h31m
 97550K .......... .......... .......... .......... ..........  0% 2.14M 16h30m
 97600K .......... .......... .......... .......... ..........  0% 3.16M 16h30m
 97650K .......... .......... .......... .......... ..........  0% 4.00M 16h29m
 97700K .......... .......... .......... .......... ..........  0% 4.04M 16h29m
 97750K .......... .......... .......... .......... ..........  0% 4.08M 16h29m
 97800K .......... .......... .......... .......... ..........  0% 4.05M 16h28m
 97850K .......... .......... .......... .......... ..........  0% 4.40M 16h28m
 97900K .......... .......... .......... .......... ..........  0% 2.48M 16h27m
 97950K .......... .......... .......... .......... ..........  0% 3.63M 16h27m
 98000K .......... .......... .......... .......... ..........  0% 3.42M 16h27m
 98050K .......... .......... .......... .......... ..........  0% 4.95M 16h26m
 98100K .......... .......... .......... .......... ..........  0% 4.30M 16h26m
 98150K .......... .......... .......... .......... ..........  0% 4.30M 16h25m
 98200K .......... .......... .......... .......... ..........  0% 3.88M 16h25m
 98250K .......... .......... .......... .......... ..........  0% 4.01M 16h25m
 98300K .......... .......... .......... .......... ..........  0% 2.14M 16h24m
 98350K .......... .......... .......... .......... ..........  0% 4.27M 16h24m
 98400K .......... .......... .......... .......... ..........  0% 3.32M 16h23m
 98450K .......... .......... .......... .......... ..........  0% 4.20M 16h23m
 98500K .......... .......... .......... .......... ..........  0% 3.74M 16h23m
 98550K .......... .......... .......... .......... ..........  0% 3.71M 16h22m
 98600K .......... .......... .......... .......... ..........  0% 4.13M 16h22m
 98650K .......... .......... .......... .......... ..........  0% 2.53M 16h22m
 98700K .......... .......... .......... .......... ..........  0% 3.96M 16h21m
 98750K .......... .......... .......... .......... ..........  0% 4.47M 16h21m
 98800K .......... .......... .......... .......... ..........  0% 3.61M 16h20m
 98850K .......... .......... .......... .......... ..........  0% 4.58M 16h20m
 98900K .......... .......... .......... .......... ..........  0% 3.72M 16h20m
 98950K .......... .......... .......... .......... ..........  0% 3.38M 16h19m
 99000K .......... .......... .......... .......... ..........  0% 1.93M 16h19m
 99050K .......... .......... .......... .......... ..........  0% 2.89M 16h18m
 99100K .......... .......... .......... .......... ..........  0% 3.11M 16h18m
 99150K .......... .......... .......... .......... ..........  0% 2.36M 16h18m
 99200K .......... .......... .......... .......... ..........  0% 2.35M 16h17m
 99250K .......... .......... .......... .......... ..........  0% 1.78M 16h17m
 99300K .......... .......... .......... .......... ..........  0% 2.79M 16h17m
 99350K .......... .......... .......... .......... ..........  0% 2.90M 16h16m
 99400K .......... .......... .......... .......... ..........  0% 2.89M 16h16m
 99450K .......... .......... .......... .......... ..........  0% 3.06M 16h16m
 99500K .......... .......... .......... .......... ..........  0% 3.12M 16h15m
 99550K .......... .......... .......... .......... ..........  0% 1.66M 16h15m
 99600K .......... .......... .......... .......... ..........  0% 2.10M 16h15m
 99650K .......... .......... .......... .......... ..........  0% 2.94M 16h14m
 99700K .......... .......... .......... .......... ..........  0% 3.71M 16h14m
 99750K .......... .......... .......... .......... ..........  0% 3.79M 16h14m
 99800K .......... .......... .......... .......... ..........  0% 1.88M 16h13m
 99850K .......... .......... .......... .......... ..........  0% 3.49M 16h13m
 99900K .......... .......... .......... .......... ..........  0% 3.67M 16h13m
 99950K .......... .......... .......... .......... ..........  0% 3.77M 16h12m
100000K .......... .......... .......... .......... ..........  0% 2.41M 16h12m
100050K .......... .......... .......... .......... ..........  0% 3.14M 16h12m
100100K .......... .......... .......... .......... ..........  0% 2.01M 16h11m
100150K .......... .......... .......... .......... ..........  0% 3.54M 16h11m
100200K .......... .......... .......... .......... ..........  0% 2.97M 16h11m
100250K .......... .......... .......... .......... ..........  0% 3.42M 16h10m
100300K .......... .......... .......... .......... ..........  0% 3.05M 16h10m
100350K .......... .......... .......... .......... ..........  0% 2.76M 16h9m
100400K .......... .......... .......... .......... ..........  0% 1.88M 16h9m
100450K .......... .......... .......... .......... ..........  0% 3.21M 16h9m
100500K .......... .......... .......... .......... ..........  0% 3.06M 16h8m
100550K .......... .......... .......... .......... ..........  0% 3.58M 16h8m
100600K .......... .......... .......... .......... ..........  0% 3.80M 16h8m
100650K .......... .......... .......... .......... ..........  0% 4.63M 16h7m
100700K .......... .......... .......... .......... ..........  0% 2.61M 16h7m
100750K .......... .......... .......... .......... ..........  0% 3.70M 16h7m
100800K .......... .......... .......... .......... ..........  0% 3.48M 16h6m
100850K .......... .......... .......... .......... ..........  0% 4.29M 16h6m
100900K .......... .......... .......... .......... ..........  0% 4.24M 16h5m
100950K .......... .......... .......... .......... ..........  0% 4.85M 16h5m
101000K .......... .......... .......... .......... ..........  0% 3.00M 16h5m
101050K .......... .......... .......... .......... ..........  0% 3.89M 16h4m
101100K .......... .......... .......... .......... ..........  0% 2.48M 16h4m
101150K .......... .......... .......... .......... ..........  0% 3.45M 16h4m
101200K .......... .......... .......... .......... ..........  0% 2.72M 16h3m
101250K .......... .......... .......... .......... ..........  0% 3.44M 16h3m
101300K .......... .......... .......... .......... ..........  0% 2.80M 16h3m
101350K .......... .......... .......... .......... ..........  0% 4.14M 16h2m
101400K .......... .......... .......... .......... ..........  0%  203K 16h4m
101450K .......... .......... .......... .......... ..........  0%  930K 16h4m
101500K .......... .......... .......... .......... ..........  0% 1.45M 16h3m
101550K .......... .......... .......... .......... ..........  0% 2.07M 16h3m
101600K .......... .......... .......... .......... ..........  0% 1.98M 16h3m
101650K .......... .......... .......... .......... ..........  0% 2.40M 16h2m
101700K .......... .......... .......... .......... ..........  0% 1.60M 16h2m
101750K .......... .......... .......... .......... ..........  0% 2.50M 16h2m
101800K .......... .......... .......... .......... ..........  0% 1.53M 16h2m
101850K .......... .......... .......... .......... ..........  0% 3.38M 16h1m
101900K .......... .......... .......... .......... ..........  0% 2.22M 16h1m
101950K .......... .......... .......... .......... ..........  0% 4.03M 16h1m
102000K .......... .......... .......... .......... ..........  0% 4.20M 16h0m
102050K .......... .......... .......... .......... ..........  0% 4.36M 16h0m
102100K .......... .......... .......... .......... ..........  0% 4.06M 15h59m
102150K .......... .......... .......... .......... ..........  0% 4.05M 15h59m
102200K .......... .......... .......... .......... ..........  0% 3.69M 15h59m
102250K .......... .......... .......... .......... ..........  0% 6.07M 15h58m
102300K .......... .......... .......... .......... ..........  0% 2.45M 15h58m
102350K .......... .......... .......... .......... ..........  0% 3.67M 15h58m
102400K .......... .......... .......... .......... ..........  0% 3.75M 15h57m
102450K .......... .......... .......... .......... ..........  0% 4.01M 15h57m
102500K .......... .......... .......... .......... ..........  0% 3.84M 15h56m
102550K .......... .......... .......... .......... ..........  0% 4.57M 15h56m
102600K .......... .......... .......... .......... ..........  0% 3.59M 15h56m
102650K .......... .......... .......... .......... ..........  0% 2.48M 15h55m
102700K .......... .......... .......... .......... ..........  0% 3.68M 15h55m
102750K .......... .......... .......... .......... ..........  0% 4.30M 15h55m
102800K .......... .......... .......... .......... ..........  0% 3.78M 15h54m
102850K .......... .......... .......... .......... ..........  0% 3.78M 15h54m
102900K .......... .......... .......... .......... ..........  0% 3.66M 15h54m
102950K .......... .......... .......... .......... ..........  0% 3.98M 15h53m
103000K .......... .......... .......... .......... ..........  0% 2.20M 15h53m
103050K .......... .......... .......... .......... ..........  0% 3.39M 15h53m
103100K .......... .......... .......... .......... ..........  0% 4.26M 15h52m
103150K .......... .......... .......... .......... ..........  0% 3.78M 15h52m
103200K .......... .......... .......... .......... ..........  0% 3.46M 15h51m
103250K .......... .......... .......... .......... ..........  0% 3.79M 15h51m
103300K .......... .......... .......... .......... ..........  0% 5.11M 15h51m
103350K .......... .......... .......... .......... ..........  0% 4.52M 15h50m
103400K .......... .......... .......... .......... ..........  0% 2.34M 15h50m
103450K .......... .......... .......... .......... ..........  0% 3.87M 15h50m
103500K .......... .......... .......... .......... ..........  0% 3.73M 15h49m
103550K .......... .......... .......... .......... ..........  0% 3.54M 15h49m
103600K .......... .......... .......... .......... ..........  0% 3.31M 15h49m
103650K .......... .......... .......... .......... ..........  0% 3.29M 15h48m
103700K .......... .......... .......... .......... ..........  0% 3.71M 15h48m
103750K .......... .......... .......... .......... ..........  0% 2.53M 15h48m
103800K .......... .......... .......... .......... ..........  0% 3.30M 15h47m
103850K .......... .......... .......... .......... ..........  0% 3.67M 15h47m
103900K .......... .......... .......... .......... ..........  0% 4.07M 15h47m
103950K .......... .......... .......... .......... ..........  0% 4.74M 15h46m
104000K .......... .......... .......... .......... ..........  0% 3.36M 15h46m
104050K .......... .......... .......... .......... ..........  0% 4.24M 15h45m
104100K .......... .......... .......... .......... ..........  0% 2.40M 15h45m
104150K .......... .......... .......... .......... ..........  0% 4.24M 15h45m
104200K .......... .......... .......... .......... ..........  0% 2.50M 15h44m
104250K .......... .......... .......... .......... ..........  0% 3.09M 15h44m
104300K .......... .......... .......... .......... ..........  0% 4.11M 15h44m
104350K .......... .......... .......... .......... ..........  0% 4.50M 15h43m
104400K .......... .......... .......... .......... ..........  0% 3.88M 15h43m
104450K .......... .......... .......... .......... ..........  0% 2.12M 15h43m
104500K .......... .......... .......... .......... ..........  0% 4.22M 15h42m
104550K .......... .......... .......... .......... ..........  0% 3.45M 15h42m
104600K .......... .......... .......... .......... ..........  0% 3.28M 15h42m
104650K .......... .......... .......... .......... ..........  0% 3.37M 15h41m
104700K .......... .......... .......... .......... ..........  0% 3.39M 15h41m
104750K .......... .......... .......... .......... ..........  0% 2.34M 15h41m
104800K .......... .......... .......... .......... ..........  0% 3.05M 15h40m
104850K .......... .......... .......... .......... ..........  0% 3.62M 15h40m
104900K .......... .......... .......... .......... ..........  0% 3.72M 15h40m
104950K .......... .......... .......... .......... ..........  0% 3.55M 15h39m
105000K .......... .......... .......... .......... ..........  0% 2.53M 15h39m
105050K .......... .......... .......... .......... ..........  0% 3.22M 15h39m
105100K .......... .......... .......... .......... ..........  0% 2.17M 15h38m
105150K .......... .......... .......... .......... ..........  0% 3.22M 15h38m
105200K .......... .......... .......... .......... ..........  0%  172K 15h40m
105250K .......... .......... .......... .......... ..........  0% 1.80M 15h40m
105300K .......... .......... .......... .......... ..........  0% 1.92M 15h39m
105350K .......... .......... .......... .......... ..........  0% 1.49M 15h39m
105400K .......... .......... .......... .......... ..........  0% 1.63M 15h39m
105450K .......... .......... .......... .......... ..........  0% 1.93M 15h39m
105500K .......... .......... .......... .......... ..........  0% 2.63M 15h38m
105550K .......... .......... .......... .......... ..........  0% 1.98M 15h38m
105600K .......... .......... .......... .......... ..........  0% 1.70M 15h38m
105650K .......... .......... .......... .......... ..........  0% 3.83M 15h37m
105700K .......... .......... .......... .......... ..........  0% 4.08M 15h37m
105750K .......... .......... .......... .......... ..........  0% 3.79M 15h37m
105800K .......... .......... .......... .......... ..........  0% 3.33M 15h36m
105850K .......... .......... .......... .......... ..........  0% 2.01M 15h36m
105900K .......... .......... .......... .......... ..........  0% 2.69M 15h36m
105950K .......... .......... .......... .......... ..........  0% 3.22M 15h36m
106000K .......... .......... .......... .......... ..........  0% 3.34M 15h35m
106050K .......... .......... .......... .......... ..........  0% 3.63M 15h35m
106100K .......... .......... .......... .......... ..........  0% 3.24M 15h34m
106150K .......... .......... .......... .......... ..........  0% 1.77M 15h34m
106200K .......... .......... .......... .......... ..........  0% 2.30M 15h34m
106250K .......... .......... .......... .......... ..........  0% 2.65M 15h34m
106300K .......... .......... .......... .......... ..........  0% 3.21M 15h33m
106350K .......... .......... .......... .......... ..........  0% 2.54M 15h33m
106400K .......... .......... .......... .......... ..........  0% 1.47M 15h33m
106450K .......... .......... .......... .......... ..........  0% 2.74M 15h33m
106500K .......... .......... .......... .......... ..........  0% 2.12M 15h32m
106550K .......... .......... .......... .......... ..........  0% 2.81M 15h32m
106600K .......... .......... .......... .......... ..........  0% 1.65M 15h32m
106650K .......... .......... .......... .......... ..........  0% 2.96M 15h31m
106700K .......... .......... .......... .......... ..........  0% 2.50M 15h31m
106750K .......... .......... .......... .......... ..........  0% 2.58M 15h31m
106800K .......... .......... .......... .......... ..........  0% 2.44M 15h31m
106850K .......... .......... .......... .......... ..........  0% 1.84M 15h30m
106900K .......... .......... .......... .......... ..........  0% 2.63M 15h30m
106950K .......... .......... .......... .......... ..........  0% 2.27M 15h30m
107000K .......... .......... .......... .......... ..........  0% 2.33M 15h29m
107050K .......... .......... .......... .......... ..........  0% 2.86M 15h29m
107100K .......... .......... .......... .......... ..........  0% 1.74M 15h29m
107150K .......... .......... .......... .......... ..........  0% 2.77M 15h29m
107200K .......... .......... .......... .......... ..........  0% 2.51M 15h28m
107250K .......... .......... .......... .......... ..........  0% 2.53M 15h28m
107300K .......... .......... .......... .......... ..........  0% 2.83M 15h28m
107350K .......... .......... .......... .......... ..........  0% 1.73M 15h27m
107400K .......... .......... .......... .......... ..........  0% 2.46M 15h27m
107450K .......... .......... .......... .......... ..........  0% 2.95M 15h27m
107500K .......... .......... .......... .......... ..........  0% 2.75M 15h27m
107550K .......... .......... .......... .......... ..........  0% 4.04M 15h26m
107600K .......... .......... .......... .......... ..........  0% 2.52M 15h26m
107650K .......... .......... .......... .......... ..........  0% 4.35M 15h26m
107700K .......... .......... .......... .......... ..........  0% 4.62M 15h25m
107750K .......... .......... .......... .......... ..........  0% 4.48M 15h25m
107800K .......... .......... .......... .......... ..........  0% 3.51M 15h25m
107850K .......... .......... .......... .......... ..........  0% 3.86M 15h24m
107900K .......... .......... .......... .......... ..........  0% 3.71M 15h24m
107950K .......... .......... .......... .......... ..........  0% 4.07M 15h24m
108000K .......... .......... .......... .......... ..........  0% 1.99M 15h23m
108050K .......... .......... .......... .......... ..........  0% 4.10M 15h23m
108100K .......... .......... .......... .......... ..........  0% 3.83M 15h23m
108150K .......... .......... .......... .......... ..........  0% 3.02M 15h22m
108200K .......... .......... .......... .......... ..........  0% 3.17M 15h22m
108250K .......... .......... .......... .......... ..........  0%  183K 15h24m
108300K .......... .......... .......... .......... ..........  0% 1.91M 15h23m
108350K .......... .......... .......... .......... ..........  0% 2.16M 15h23m
108400K .......... .......... .......... .......... ..........  0% 1.37M 15h23m
108450K .......... .......... .......... .......... ..........  0% 2.44M 15h23m
108500K .......... .......... .......... .......... ..........  0% 2.57M 15h22m
108550K .......... .......... .......... .......... ..........  0% 2.67M 15h22m
108600K .......... .......... .......... .......... ..........  0% 1.44M 15h22m
108650K .......... .......... .......... .......... ..........  0% 1.58M 15h22m
108700K .......... .......... .......... .......... ..........  0% 2.98M 15h21m
108750K .......... .......... .......... .......... ..........  0% 2.99M 15h21m
108800K .......... .......... .......... .......... ..........  0% 1.90M 15h21m
108850K .......... .......... .......... .......... ..........  0% 2.87M 15h20m
108900K .......... .......... .......... .......... ..........  0% 3.04M 15h20m
108950K .......... .......... .......... .......... ..........  0% 2.87M 15h20m
109000K .......... .......... .......... .......... ..........  0% 2.20M 15h20m
109050K .......... .......... .......... .......... ..........  0% 2.07M 15h19m
109100K .......... .......... .......... .......... ..........  0% 3.76M 15h19m
109150K .......... .......... .......... .......... ..........  0% 4.71M 15h19m
109200K .......... .......... .......... .......... ..........  0% 4.19M 15h18m
109250K .......... .......... .......... .......... ..........  0% 5.11M 15h18m
109300K .......... .......... .......... .......... ..........  0% 5.30M 15h18m
109350K .......... .......... .......... .......... ..........  0% 4.95M 15h17m
109400K .......... .......... .......... .......... ..........  0% 3.56M 15h17m
109450K .......... .......... .......... .......... ..........  0% 4.43M 15h17m
109500K .......... .......... .......... .......... ..........  0% 2.40M 15h16m
109550K .......... .......... .......... .......... ..........  0% 3.40M 15h16m
109600K .......... .......... .......... .......... ..........  0% 2.99M 15h16m
109650K .......... .......... .......... .......... ..........  0% 3.49M 15h15m
109700K .......... .......... .......... .......... ..........  0% 3.52M 15h15m
109750K .......... .......... .......... .......... ..........  0% 3.75M 15h15m
109800K .......... .......... .......... .......... ..........  0% 1.97M 15h15m
109850K .......... .......... .......... .......... ..........  0% 2.82M 15h14m
109900K .......... .......... .......... .......... ..........  0% 2.81M 15h14m
109950K .......... .......... .......... .......... ..........  0% 2.94M 15h14m
110000K .......... .......... .......... .......... ..........  0% 2.43M 15h13m
110050K .......... .......... .......... .......... ..........  0% 1.88M 15h13m
110100K .......... .......... .......... .......... ..........  0% 2.65M 15h13m
110150K .......... .......... .......... .......... ..........  0% 3.20M 15h13m
110200K .......... .......... .......... .......... ..........  0% 2.26M 15h12m
110250K .......... .......... .......... .......... ..........  0% 2.71M 15h12m
110300K .......... .......... .......... .......... ..........  0% 3.11M 15h12m
110350K .......... .......... .......... .......... ..........  0% 1.88M 15h11m
110400K .......... .......... .......... .......... ..........  0% 2.30M 15h11m
110450K .......... .......... .......... .......... ..........  0% 2.88M 15h11m
110500K .......... .......... .......... .......... ..........  0% 2.74M 15h11m
110550K .......... .......... .......... .......... ..........  0% 2.79M 15h10m
110600K .......... .......... .......... .......... ..........  0% 1.64M 15h10m
110650K .......... .......... .......... .......... ..........  0% 3.03M 15h10m
110700K .......... .......... .......... .......... ..........  0% 2.56M 15h10m
110750K .......... .......... .......... .......... ..........  0% 3.06M 15h9m
110800K .......... .......... .......... .......... ..........  0% 2.46M 15h9m
110850K .......... .......... .......... .......... ..........  0% 1.94M 15h9m
110900K .......... .......... .......... .......... ..........  0% 2.92M 15h8m
110950K .......... .......... .......... .......... ..........  0% 3.19M 15h8m
111000K .......... .......... .......... .......... ..........  0% 2.80M 15h8m
111050K .......... .......... .......... .......... ..........  0% 2.82M 15h8m
111100K .......... .......... .......... .......... ..........  0% 1.91M 15h7m
111150K .......... .......... .......... .......... ..........  0%  190K 15h9m
111200K .......... .......... .......... .......... ..........  0%  991K 15h9m
111250K .......... .......... .......... .......... ..........  0% 1.86M 15h9m
111300K .......... .......... .......... .......... ..........  0% 2.12M 15h8m
111350K .......... .......... .......... .......... ..........  0% 1.69M 15h8m
111400K .......... .......... .......... .......... ..........  0% 1.96M 15h8m
111450K .......... .......... .......... .......... ..........  0% 2.14M 15h8m
111500K .......... .......... .......... .......... ..........  0% 1.34M 15h7m
111550K .......... .......... .......... .......... ..........  0% 2.00M 15h7m
111600K .......... .......... .......... .......... ..........  0% 2.24M 15h7m
111650K .......... .......... .......... .......... ..........  0% 2.78M 15h7m
111700K .......... .......... .......... .......... ..........  0% 2.66M 15h6m
111750K .......... .......... .......... .......... ..........  0% 2.58M 15h6m
111800K .......... .......... .......... .......... ..........  0% 1.49M 15h6m
111850K .......... .......... .......... .......... ..........  0% 2.78M 15h6m
111900K .......... .......... .......... .......... ..........  0% 2.53M 15h5m
111950K .......... .......... .......... .......... ..........  0% 2.37M 15h5m
112000K .......... .......... .......... .......... ..........  0% 1.61M 15h5m
112050K .......... .......... .......... .......... ..........  0% 2.21M 15h5m
112100K .......... .......... .......... .......... ..........  0% 2.43M 15h4m
112150K .......... .......... .......... .......... ..........  0%  176K 15h6m
112200K .......... .......... .......... .......... ..........  0% 1.29M 15h6m
112250K .......... .......... .......... .......... ..........  0% 1.21M 15h6m
112300K .......... .......... .......... ..........