{
  "num_samples": 1,
  "cer": 0.0,
  "wer": 0.0,
  "rtf": 3.3999967854470015e-06,
  "total_audio_seconds": 1.0,
  "total_inference_seconds": 3.3999967854470015e-06
}
