{
  "num_samples": 1,
  "cer": 0.0,
  "wer": 0.0,
  "rtf": 2.4999899324029684e-06,
  "total_audio_seconds": 1.0,
  "total_inference_seconds": 2.4999899324029684e-06
}
