dataset,count,total_seconds,total_hours,mean_seconds,median_seconds,p95_seconds
masc/lev,6853,31296.736999999997,8.693538055555555,4.566866627754268,4.160000000000011,8.0
masc/non_lev,362229,1435916.537,398.86570472222223,3.964112583476199,3.440000000000005,8.400000000000091
qasr/lev,3517,15476.823255062103,4.299117570850584,4.400575278664232,4.070000171661377,7.652000045776365
qasr/non_lev,1121528,4763142.500197768,1323.0951389438244,4.247011666403129,4.0,7.71999979019165
omni,416,28499.639833333335,7.916566620370371,68.50874959935898,78.27199999999999,91.75498437499999
layla,176,19164.135328798184,5.323370924666162,108.88713254998969,108.64253968253968,143.70068027210885
casa/pal,1328,7085.578914683199,1.9682163651897777,5.335526291177108,4.4332012535,12.598209578999997
casa/jor,1695,7136.0644734334,1.9822401315092777,4.210067535948909,3.745018777,8.560681250099998
